Paracetamol	20568
Domperidone	10817
Metformin	9400
Aceclofenac	9337
Pantoprazole	8312
Ofloxacin	8158
Rabeprazole	7909
Clavulanic Acid	7259
Amoxicillin	6779
Diclofenac	6656
Levocetirizine	6326
Methylcobalamin	5958
Cefixime	5757
Montelukast	5683
Glimepiride	5443
Cefpodoxime	5329
Serratiopeptidase	5310
Telmisartan	5203
Azithromycin	5017
Phenylephrine	4492
Chlorpheniramine Maleate	4146
Ceftriaxone	4100
Guaifenesin	3847
Ambroxol	3709
Pregabalin	3668
Rosuvastatin	3453
Ornidazole	3347
Nimesulide	3261
Mefenamic Acid	3224
Amlodipine	3042
Sulbactam	2988
Lactobacillus	2678
Thiocolchicoside	2663
Menthol	2494
Etoricoxib	2469
Levosulpiride	2280
Cefuroxime	2257
Dextromethorphan Hydrobromide	2228
Deflazacort	2228
Chlorzoxazone	2185
Hydrochlorothiazide	2147
Atorvastatin	2064
Terbutaline	2043
Esomeprazole	1997
Nortriptyline	1962
Levofloxacin	1928
Omeprazole	1919
Dapagliflozin	1915
Metoprolol Succinate	1828
Fexofenadine	1822
Tazobactum	1795
Gabapentin	1766
Ondansetron	1705
Itraconazole	1668
Pioglitazone	1633
Amikacin	1599
Folic Acid	1598
Progesterone	1575
Sitagliptin	1573
Escitalopram Oxalate	1548
Voglibose	1524
Simethicone	1492
Nandrolone Decanoate	1474
Drotaverine	1451
Levosalbutamol	1449
Methylprednisolone	1436
Clonazepam	1433
Clopidogrel	1427
Aspirin	1382
Clobetasol	1348
Rutoside	1337
Bromelain	1333
Ketoconazole	1314
Trypsin	1268
Tramadol	1257
Ursodeoxycholic Acid	1235
Dicyclomine	1208
Olmesartan Medoxomil	1175
Moxifloxacin	1145
Caffeine	1144
Bromhexine	1141
Terbinafine	1109
Clotrimazole	1087
Luliconazole	1058
Cetirizine	1054
Metronidazole	1053
Chlorthalidone	1035
Cefoperazone	1019
Gliclazide	1002
Teneligliptin	1001
Oxetacaine	999
Sucralfate	991
Acebrophylline	974
Albendazole	934
Fluconazole	928
Tranexamic Acid	921
Ivermectin	904
Olanzapine	894
Febuxostat	880
Cyproheptadine	878
Alprazolam	877
Cilnidipine	876
Vildagliptin	876
Mometasone	854
Tinidazole	848
Atenolol	839
Beclometasone	823
Betahistine	822
Neomycin	809
Piperacillin	805
Fenofibrate	802
Losartan	787
Magaldrate	785
Piracetam	774
Propranolol	746
Tricholine Citrate	739
Linezolid	703
Doxylamine	698
Clindamycin	675
Ramipril	662
Diacerein	653
Meropenem	634
Amitriptyline	624
Torasemide	616
Levetiracetam	608
Tamsulosin	606
Niacinamide	602
Ciprofloxacin	597
Cloxacillin	595
Paroxetine	588
Acetylcysteine	585
Duloxetine	581
Methyl Salicylate	575
Chlordiazepoxide	563
Roxithromycin	562
Rifaximin	553
Diphenhydramine	553
Dexamethasone	550
Divalproex	546
Etizolam	546
Risperidone	542
Salicylic Acid	541
Lidocaine	532
Dutasteride	532
Ketorolac	528
Povidone Iodine	526
Itopride	522
Artesunate	521
Doxycycline	518
Hydroxyzine	516
Trihexyphenidyl	515
Miconazole	514
Sildenafil	511
Carboxymethylcellulose	508
Trypsin Chymotrypsin	505
Quetiapine	500
Ranitidine	496
Citicoline	493
Norfloxacin	488
Isotretinoin	486
Methyl Sulfonyl Methane	486
Linseed Oil	475
Ibuprofen	475
Flunarizine	469
Ampicillin	464
Alpha Lipoic Acid	460
Tretinoin	456
Linagliptin	454
Minoxidil	447
Cefalexin	447
Ceftazidime	431
Lornoxicam	431
Dicloxacillin	424
Sertraline	423
Gatifloxacin	416
Fluoxetine	414
Thyroxine	407
Iron Sucrose	405
Ethamsylate	404
Naproxen	401
Bilastine	396
Alpha-beta Arteether	396
Piroxicam	394
Doxofylline	393
Silodosin	388
Sodium Picosulfate	387
Hydroquinone	386
Sodium Citrate	384
Sodium Chloride	381
Tobramycin	378
Empagliflozin	378
Permethrin	377
Lumefantrine	377
Aluminium Hydroxide	376
Tacrolimus	373
Amisulpride	373
Betamethasone	371
Nicotinamide	367
Gentamicin	365
Fluticasone Propionate	357
Chloramphenicol	355
Lansoprazole	354
Artemether	349
Flupenthixol	346
Cefadroxil	346
Fusidic Acid	339
Tadalafil	338
Salbutamol	338
Disodium Hydrogen Citrate	332
Ammonium Chloride	331
Lactulose	331
Milk Of Magnesia	331
Glucosamine	327
Calcium Carbonate	321
Faropenem	320
Magnesium	319
Tolperisone	316
Cinnarizine	307
Calcitriol	304
Chlorhexidine Gluconate	303
Norethisterone	302
Diclofenac Diethylamine	296
Acyclovir	295
Formoterol	294
Sodium Bicarbonate	292
Cefepime	289
Hydroxyprogesterone	287
Etodolac	285
Budesonide	282
Glucosamine Sulfate Potassium Chloride	282
Finasteride	281
Nebivolol	280
Bisoprolol	279
Mupirocin	279
Oxcarbazepine	277
Isoxsuprine	274
Prednisolone	271
Shinto Organics	270
Sodium Hyaluronate	266
Nitroglycerin	264
Zinc	263
Rifampicin	263
Zinc Pyrithione	259
Enoxaparin	257
Sorbitol	253
Xylometazoline	252
Isoniazid	250
Trifluoperazine	247
Aripiprazole	246
Sparfloxacin	242
Desloratadine	241
L-ornithine L-aspartate	238
Melitracen	234
Hydrocortisone	230
Timolol	229
Loteprednol Etabonate	225
Ezetimibe	223
Racecadotril	221
Tapentadol	220
Ethinyl Estradiol	220
Clarithromycin	219
Mirtazapine	218
Tizanidine	217
Pancreatin	217
Haloperidol	214
Sodium Valproate	214
Liquid Paraffin	213
Spironolactone	211
Cetrimide	210
Olopatadine	209
Valsartan	209
Cefotaxime	208
Adapalene	206
D-panthenol	203
L-methyl Folate	202
Tofacitinib	201
Phenylpropanolamine	199
Lorazepam	198
Promethazine	197
Pseudoephedrine	193
Glibenclamide	191
Dimethicone	191
Zolpidem	190
Phosphate	189
Cilastatin	189
Imipenem	188
Nitrofurantoin	187
Methotrexate	185
Desvenlafaxine	184
Arteether	184
Loratadine	183
Polyethylene Glycol	183
Dydrogesterone	182
Letrozole	180
Flavoxate	179
Hydroxypropylmethylcellulose	177
Lactic Acid Bacillus	177
Ferrous Ascorbate	177
Triamcinolone	175
Dapoxetine	171
Rivaroxaban	171
Nicorandil	171
Lamotrigine	170
Baclofen	170
Myo-inositol	169
Flupirtine	169
Pyridoxine Hydrochloride	169
Sevelamer	167
Repaglinide	167
Erythromycin	167
Mirabegron	167
Dosulepin	167
Valproic Acid	167
Pyrazinamide	166
Sacubitril	164
Isosorbide Mononitrate	163
Codeine	162
Benfotiamine	159
Teicoplanin	158
Clobazam	158
Levo-carnitine	158
Nepafenac	157
Taurine	157
Fluocinolone Acetonide	156
Clidinium	154
Topiramate	154
Clomiphene	154
Donepezil	154
Imipramine	153
Enalapril	153
Propylene Glycol	153
Ivabradine	152
Ebastine	148
Theophylline	147
Solifenacin	146
Diazepam	146
Fluorometholone	146
Lisinopril	146
Fluticasone Furoate	144
Melatonin	144
Ethambutol	143
Thiamine	143
East African	139
L-methyl Folate Calcium	139
Quinine	139
Colistimethate Sodium	137
Halobetasol	136
Docetaxel	136
Secnidazole	135
Orlistat	134
Silymarin	134
Polymyxin B	134
Diltiazem	133
Iron	132
Alpha Ketoanalogue	132
Trimetazidine	129
Brivaracetam	126
Zinc Sulfate	126
Benzoyl Peroxide	125
Nifedipine	125
Brimonidine	125
Clioquinol	124
Mebeverine	123
Fatty Acid	122
Sertaconazole	122
Tolnaftate	122
Mifepristone	121
Sulfamethoxazole	120
Recombinant Human Erythropoietin Alfa	120
Fluvoxamine	120
Phenytoin	119
Misoprostol	118
Memantine	117
Hydroxychloroquine	117
Zinc Sulphate Monohydrate	116
Trimethoprim	116
Chlorbutol	115
Estradiol	115
Calcium	115
Famotidine	115
Prochlorperazine	115
Benzocaine	114
Zinc Oxide	114
Heparin	114
Nitazoxanide	114
Temozolomide	113
Chlorpromazine	112
Ticagrelor	112
Vitamin C	112
Gemcitabine	111
Chloroquine	111
Lactobacillus Acidophilus	110
Lacosamide	109
Chromium Picolinate	109
Pramipexole	108
Triamcinolone Acetonide	108
Azilsartan Medoxomil	108
Tigecycline	107
Calcium Dobesilate	107
Salmeterol	106
Benidipine	105
Amorolfine	105
Prucalopride	105
Docosahexanoic Acid	104
Mesalazine	104
Clozapine	104
Selenium	103
Ipratropium	103
Loperamide	101
Carbamazepine	101
Ranolazine	101
Minocycline	100
Paradichlorobenzene	99
Paclitaxel	99
Human Insulin	98
Nitrazepam	98
Glutathione	98
Human Chorionic Gonadotropin	97
Turpentine Oil	97
Rofecoxib	97
Lithium Carbonate	96
Capsaicin	95
S-amlodipine	94
Prazosin	94
Ciclosporin	93
Lindane	92
Aztreonam	92
Metoprolol Tartrate	92
Lycopene	92
Medroxyprogesterone Acetate	91
Choline Salicylate	90
Lactitol	89
Favipiravir	89
Granisetron	89
Menotrophin	88
Sultamicillin Tosilate	88
Ferric Carboxymaltose	87
Alfuzosin	87
Azelastine	87
L-arginine	86
Eberconazole	85
Glipizide	84
Triprolidine	84
Saccharomyces Boulardii	83
Mycophenolate Sodium	83
Glycerin	83
Atropine	83
Labetalol	83
Potassium Chloride	82
Dehydroepiandrosterone	82
Acarbose	82
Furosemide	81
Bromfenac	80
Allopurinol	80
Calcium Citrate	80
Magnesium Oxide	79
Travoprost	79
Metaxalone	78
Insulin Isophane	78
Leflunomide	78
Pemetrexed	78
Etofylline	78
Lamivudine	78
Dienogest	77
Epirubicin	77
Simvastatin	76
Dabigatran Etexilate	76
Carvedilol	75
Fosfomycin	75
Allylestrenol	75
Dimenhydrinate	74
Boron	74
Metoclopramide	74
Glycopyrrolate	74
Magnesium Trisilicate	73
Dextrose	73
Potassium Citrate	73
Oxymetazoline	72
Potassium Clavulanate	72
Mycophenolate Mofetil	72
Apixaban	71
Furazolidone	71
Ispaghula	70
Trioxasalen	70
Ademetionine	70
Tetracycline	70
Bacillus Clausii	70
Oxaliplatin	70
Methylergometrine	69
Biotin	69
Anastrozole	69
Venlafaxine	69
Sentosa Geigy	68
Naphazoline	68
Indomethacin	68
Flurbiprofen	67
Tropicamide	67
Ilaprazole	67
Azathioprine	67
Megestrol	66
Nadifloxacin	66
Chlorocresol	65
Griseofulvin	65
Darbepoetin Alfa	65
Disulfiram	64
Lenalidomide	64
Vitamin E	64
Eperisone	64
Indapamide	64
Cyanocobalamin	63
Clomipramine	63
Levonorgestrel	63
Abiraterone Acetate	62
Cefaclor	62
Levamisole	62
Terlipressin	62
Thioridazine	62
Tenofovir Disoproxil Fumarate	62
Calcium Citrate Malate	61
Leuprolide	61
Palbociclib	61
Dexchlorpheniramine	60
Phenobarbitone	60
Eplerenone	60
Azelaic Acid	60
Oxychloro Complex	59
Netilmicin	59
Urofollitropin	59
Moxonidine	59
Voriconazole	58
Dorzolamide	58
Pyrimethamine	58
Maxx Farmacia	58
Mosapride	57
Sulfasalazine	57
Acenocoumarol	57
Octreotide Acetate	57
Cefdinir	57
Sodium Alginate	56
Tiotropium	56
S-adenosyl L-methoinine Disulfate Tosylate	55
Selenium Dioxide	55
Desogestrel	55
Prasugrel	55
Procyclidine	55
Mannitol	54
Eicosapentaenoic Acid	54
Alendronic Acid	54
Tolvaptan	53
Lincomycin	53
Inositol	53
Albumin	53
Doripenem	53
Recombinant Follicle Stimulating Hormone	53
Ginkgo Biloba	53
Diloxanide	52
Acotiamide	52
Diethylcarbamazine	52
Coal Tar	51
Rebanta Health Care	51
Urea	51
Dasatinib	51
Potassium Nitrate	50
Sodium Monofluorophosphate	50
Healthtree Pharma	50
Tolterodine	50
Obeticholic Acid	50
Aprepitant	50
Midodrine	49
Benzydamine	49
Lactic Acid	49
Drospirenone	49
Magnesium Citrate	49
Getwell Pharma	48
Bisacodyl	48
Desonide	48
Levodropropizine	47
Enzalutamide	47
Vortioxetine	47
Dexrabeprazole	47
L-carnitine L-tartrate	47
Ketoprofen	47
Sunitinib	47
Chondroitin	46
Danazol	46
Atomoxetine	46
Colistin Sulphate	46
Amino Acids	46
Sumatriptan	46
Calcium Chloride	45
Azelnidipine	45
Imatinib Mesylate	45
Sulphadoxine	45
Methoxsalen	45
Cerebroprotein Hydrolysate	45
Teriparatide	45
Doxepin	45
Thiamine Mononitrate	44
Orphic Pharma	44
Vancomycin	43
Perindopril Erbumine	43
Rosiglitazone	43
Irbesartan	43
Ibandronic Acid	43
Hyoscine Butylbromide	43
Bifidobacterium Longum	43
Everolimus	42
Pirfenidone	42
Ferrous Bisglycinate	42
Citric Acid	42
Cinitapride	41
Meloxicam	41
Lenvatinib	41
Cisapride	41
Sodium Fluoride	41
Erlotinib	41
Pitavastatin	41
Cilostazol	41
Cyproterone	41
Boric Acid	41
Buprenorphine	41
Cefpirome	40
Zinc Chloride	40
Fenticonazole	40
Zinc Bisglycinate	40
Fructo Oligosaccharide	40
Hyaluronic Acid	39
Dextropropoxyphene	39
Mebendazole	39
Modafinil	39
Flucloxacillin Sodium	39
Trazodone	39
Testosterone	39
Medcover Pharmaceuticals	39
Carboplatin	39
Ritodrine	39
Streptococcus Thermophilus	39
Oxaceprol	39
Ropinirole	38
D-chiro Inositol	38
Entecavir	38
Edaravone	38
Allantoin	38
Dexlansoprazole	38
Organon	38
Human Normal Immunoglobulin	38
Regalia Pharmaceuticals	38
Triclosan	38
Bempedoic Acid	38
Ciclopirox	37
Magnesium Sulphate	37
Paliperidone	37
Sulphacetamide	37
Bupropion	37
Pepsin	37
Elemental Iron	37
Primaquine	37
Citalopram	36
Nalidixic Acid	36
Eltrombopag	36
Bevacizumab	36
Rituximab	35
Brinzolamide	35
Lurasidone	35
Amiodarone	35
Loxapine	35
Rivastigmine	35
Rizatriptan	35
Acitretin	34
Bimatoprost	34
Avibactam	34
Calcium Leucovorin	34
Zinc Gluconate	34
Vinpocetine	34
Azacitidine	34
Ozenoxacin	34
Tamoxifen	34
Calcitonin	33
Cyclobenzaprine	33
Capecitabine	33
Pomalidomide	33
Posaconazole	33
Levocloperastine	33
Trastuzumab	33
L-alanyl-l-glutamine	33
Atlina Life Sciences	33
Levodopa	33
Difluprednate	32
Latanoprost	32
Gemifloxacin	32
Camphor	32
Zoledronic Acid	32
Cabergoline	32
Stavudine	32
Efavirenz	32
Akcent Healthcare India	32
Epalrestat	32
Sodium Lactate	31
Bortezomib	31
Cyclophosphamide	31
Perampanel	31
JNTL Consumer Health	31
Calcipotriol	31
Diastase	31
Afatinib Dimaleate	31
Ketotifen	31
Nicotine	31
Oleum Lini	30
Nevirapine	30
Adrenaline	30
Apremilast	30
Bethanechol	30
Acetazolamide	29
Celecoxib	29
Bepotastine	29
Asparaginase	29
Tetanus Toxoid	29
Midazolam	29
Oseltamivir Phosphate	29
Ulipristal Acetate	29
Denosumab	28
Ertapenem	28
Lafutidine	28
Camylofin	28
Insulin Glargine	28
Terazosin	28
Olaparib	28
Emtricitabine	28
Valacyclovir	27
Silver Sulfadiazine	27
Bupivacaine	27
Nateglinide	27
Nintedanib	27
Lovastatin	27
Carbidopa	27
Hydroxyurea	26
AS Pharmaceutical	26
Sofosbuvir	26
Bacitracin	26
Inositol Nicotinate	26
Bromocriptine	26
Ritonavir	26
Pentazocine	26
Jainson Biotech	26
Caspofungin	26
Rupatadine	26
Diosmin	26
Metadoxine	26
Collagen Peptide	25
Iloperidone	25
Remogliflozin Etabonate	25
Cisplatin	25
Opipramol	25
Micafungin	25
Irinotecan	25
Isosorbide Dinitrate	25
Meclizine	25
Oxytocin	25
Methocarbamol	25
Polmacoxib	24
Gleck Pharma	24
Hepatitis B Vaccine	24
Unifaith Biotech	24
Mefloquine	24
Ranip Drugs	24
Metolazone	24
Oxytetracycline	24
Ulinastatin	24
Pyrantel Pamoate	24
Axitinib	23
Urokinase	23
Thalidomide	23
Mesna	23
Sorafenib	23
Mediz India Pharma Industries	23
Pilocarpine	23
Imeglimin	23
Filant	23
Haloperidol Decanoate	23
Methylphenidate	23
Pimozide	23
Penicillin G	23
Zidovudine	23
Clonidine	23
Gefitinib	23
Vitamin A	22
Pefloxacin	22
Dacarbazine	22
Pazopanib	22
Deferasirox	22
Probenecid	22
Enclomiphene	22
Clobetasone	22
Neostigmine	22
Propofol	22
Tenofovir Alafenamide	22
Astaxanthin	22
Palonosetron	22
Dexmedetomidine	22
Amphotericin B	22
Famciclovir	22
Charcoal	22
Avtix Health	22
Proanthocyanidin	22
Primidone	21
Fosaprepitant	21
Carbimazole	21
Maksal Pharmaceuticals	21
Flavoured Mentholated Base	21
Seagull Laboratories	21
Pharma Lifescience	21
Ticarcillin	21
Natamycin	21
Prilocaine	21
Triclofos	21
Human	21
Ganciclovir	21
Etoposide	20
Calcium Polystyrene Sulphonate	20
Dill Oil	20
Fennel Oil	20
Oxiconazole	20
Miglitol	20
Bicalutamide	20
Elagolix	20
Nimodipine	20
Diphtheria Toxoid	20
Lapatinib	20
Vilazodone	20
Nilotinib	20
Amoxapine	20
Ketamine	20
Papain	20
Pegfilgrastim	20
Phenyl Mercuric Nitrate	19
Kojic Acid	19
Sirolimus	19
Insulin Aspart	19
Ceftizoxime	19
Amantadine	19
Magnesium Hydroxide	19
Lactobacillus Sporogenes	19
Insulin Lispro	19
Polyvinyl Alcohol	19
Bambuterol	19
Arbutin	18
Mulberry Extract	18
Degarelix	18
Eszopiclone	18
Silver Nitrate	18
Ifosfamide	18
Amiloride	18
Cyclopentolate	18
Ergotamine	18
Aloe Vera	18
Ethionamide	18
Fulvestrant	18
Lysine	18
Kiraas Pharma	18
Milnacipran	18
Darifenacin	18
Sodium Cromoglycate	18
Anidulafungin	18
Vilanterol	18
Naltrexone	18
Adalimumab	17
Remedies Pharmaceuticals	17
Alcohol	17
Calamine	17
Pertussis Toxoid	17
Armodafinil	17
Lactobacillus Rhamnosus	17
Bendamustine	17
Acamprosate	17
Magnesium Valproate	17
Prulifloxacin	17
Hydralazine	17
Ziprasidone	16
Gamma Benzene Hexachloride	16
Blonanserin	16
Filgrastim	16
Chromium Polynicotinate	16
Ciclesonide	16
Vonoprazan	16
Fondaparinux	16
Shangrila Industries	16
Sodium Fusidate	16
Pheniramine	16
Lutein	16
Cinacalcet	16
Beta Carotene	16
Lomefloxacin	16
Pidotimod	16
Copper	15
Tofisopam	15
Benzyl Alcohol	15
Hegde And Hegde Pharmaceutica Llpclobetasol	15
Nectar Life Sciences Ltd	15
Terpin Hydrate	15
Potassium Iodide	15
Saxagliptin	15
Amylmetacresol	15
Choline Theophyllinate	15
Vitamin B	15
Ephedrine	15
N-acetylcarnosine	15
Sulfadiazine	15
Warfarin	15
Feracrylum	15
Zopiclone	15
Troxerutin	15
Wheat Germ Oil	15
Eptifibatide	15
Risedronate	15
Zonisamide	15
Indacaterol	15
Digoxin	15
Eslicarbazepine	14
Fluphenazine	14
Pamidronate	14
Benzyl Nicotinate	14
Zyris Derma Care	14
Acetic Acid	14
Daclatasvir	14
Sodium Feredetate	14
Cetrorelix	14
Bosentan	14
Bifonazole	14
Calcium Pantothenate	14
Cycloserine	14
Tirofiban	14
Valdecoxib	14
Bifidobacterium Bifidum	14
Energize Pharmaceuticals	14
Desmopressin	14
Racemethionine	14
Phytomenadione	14
Alginic Acid	14
Praziquantel	14
Melphalan	13
Pyridostigmine	13
Oxazepam	13
Methyldopa	13
Mephentermine	13
Somatropin	13
Carbocisteine	13
Cefazolin	13
Iguratimod	13
Fludarabine	13
Roots Life Sciences	13
Limitedglimepiride	13
Dimethyl Fumarate	13
Zaleplon	13
Raloxifene	13
Limiteddomperidone	13
Unique Life Sciences	13
Streptokinase	13
Doxorubicin	13
Copper Sulphate	13
Calcium Ascorbate	13
Beta-cyclodextrin	13
Buspirone	12
Potassium Magnesium Citrate	12
Bleomycin	12
Lecithin	12
Ropivacaine	12
Roflumilast	12
Cabozantinib	12
Mitomycin	12
Pyridoxamine Dihydrochloride	12
Tazarotene	12
Tenecteplase	12
Bile Constituents	12
Stanozolol	12
Liposomal Amphotericin B	12
Tegafur	12
Haemophilus Type B Conjugate Vaccine	12
Zinc Acetate	12
Zinc Carnosine	12
Dipyridamole	12
Acmedix Pharma Llpdapagliflozin	12
Balofloxacin	12
Efonidipine	12
Benzathine Penicillin G	12
Valganciclovir	12
Choline	12
Busulfan	12
Rebamipide	12
Lasmiditan	12
Hesperidin	12
Molnupiravir	12
Acambis	12
Euphorbia Prostrata Extract	12
Oxybutynin	11
L Glutathione Reduced	11
L Ascorbic Acid	11
Sayoka Pharmaceutical	11
Alpha-amylase	11
Heal All Pharmaceuticals	11
Aminophylline	11
Cefprozil	11
Ramosetron	11
Lymecycline	11
Deca Peptide	11
Calcium Gluconate	11
Bird Pharmaceuticals	11
Triptorelin	11
Rocuronium	11
Centchroman	11
Decitabine	11
Quinapril	11
Adrenochrome Monosemicarbazone	11
Paraffin	11
Dolutegravir	11
Methimazole	11
Exemestane	11
Homatropine	11
Ambrisentan	11
Dunamed Pharmaceuticals	11
Tannic Acid	11
Atazanavir	11
Evening Primrose Oil	11
Milrinone	11
Limitedceftriaxone	11
Iron Isomaltoside	11
Pine Bark Extract	10
Phenoxyethanol	10
Proparacaine	10
Disodium Edetate	10
Hydrogen Peroxide	10
Lopinavir	10
Sunovion Pharmaceuticals	10
Medicaid Labs Llpglimepiride	10
Tianeptine	10
Lercanidipine	10
Uj Life Care	10
Nabumetone	10
Somatostatin	10
Nalbuphine	10
Osho Laboratories	10
Dexibuprofen	10
Calcium Acetate	10
Etanercept	10
Piperine	10
Anti Rh D Immunoglobulin	10
Pentoxifylline	10
Methylpolysiloxane	10
Agomelatine	10
Fipronil	10
Ticlopidine	10
Flutamide	10
Vardenafil	10
Cariprazine	10
Dalteparin	10
Ibrutinib	9
Vasopressin	9
Magnesium Chloride	9
Limitedaceclofenac	9
Ledipasvir	9
Terfenadine	9
Alpha Glycerylphosphorylcholine	9
Spiramycin	9
Gemfibrozil	9
Fentanyl	9
Kinetic Lifescience	9
Ribavirin	9
SRK Puremed Llptelmisartan	9
Daptomycin	9
Asenapine	9
Selenious Acid	9
Bacillus Mesentericus TO-A JPC	9
Clostridium Butryricum TO-A	9
Velpatasvir	9
Fosphenytoin	9
Topiroxostat	9
Noscapine	9
Mixed Carotene	9
Entacapone	9
Remdesivir	9
Candesartan	9
Idebenone	9
Dichlorobenzyl Alcohol	9
Cisatracurium	9
L-lysine	9
Cadexomer Iodine	9
Thiopental Sodium	9
Riociguat	9
Valethamate	9
Medicowin Remedies	9
Menadione Sodium Bisulfite	9
Testosterone Propionate	9
Dapsone	9
Limitedlevosulpiride	9
Clofazimine	9
White Soft Paraffin	8
Tulobuterol	8
Buclizine	8
Cabazitaxel	8
Selenomethionine	8
Ranibizumab	8
Pamabrom	8
Mexiletine	8
Colostrum	8
Mephenesin	8
Activated Charcoal	8
Thiotepa	8
Hegde And Hegde Pharmaceutica Llpmometasone	8
Vincristine	8
Doxazosin	8
Soya Isoflavones	8
Dibasic Calcium Phosphate	8
Kanamycin	8
Sph Laboratories	8
Acmedix Pharma Llpglimepiride	8
Suxamethonium	8
Hydroxyethyl Starch	8
Limitedcefixime	8
Vinorelbine	8
Alcaftadine	8
Alfacalcidol	8
Rasagiline	8
Pholcodine	8
Teriflunomide	8
Insulin Lispro Protamine	8
Febantel	8
Glycopyrronium	8
Bogs India	8
Dexketoprofen	8
Menadione	8
Morphine	8
Tegaserod	8
Glycerol	8
Overseasdomperidone	8
Patro's Research Laboratories	8
Dexpanthenol	8
Baricitinib	8
Dihydralazine	8
Semaglutide	8
Flurazepam	7
Caroverine	7
Zinc Monomethionine	7
Rimonabant	7
Cimetidine	7
Lubiprostone	7
Cytarabine	7
Limitedazithromycin	7
Tibolone	7
Uracil	7
S-metoprolol Succinate	7
Lanthanum Carbonate	7
Octenidine	7
Isavuconazole	7
Medicaid Labs Llptelmisartan	7
Limitedcefuroxime	7
Overseasamoxycillin	7
Levothyroxine	7
Torino Labs	7
Magnesium Orotate	7
Zolmitriptan	7
Limbson Pharmaceuticals Llpaceclofenac	7
Aprotinin	7
Rucaparib	7
Ornithine	7
Sterile Water	7
Hyaluronidase	7
Colchicine	7
Conjugated Estrogens	7
Abacavir	7
Black Grape Seed Extract	7
Amifostine	7
Placenta Extracts	7
Safinamide	7
Aarcin Pharmaceutical Llpcefixime	7
Plerixafor	7
Phenazone	7
Eribulin Mesylate	7
Penicillamine	7
Piroctone Olamine	7
Acalabrutinib	7
Bosutinib	7
Colloidal Bismuth Subcitrate	7
Norepinephrine	7
Sodium Aminosalicylate	7
Carfilzomib	7
Topotecan	7
Acmedix Pharma Llptelmisartan	7
Overseasofloxacin	7
Limitedatorvastatin	7
Dothiepin	7
Isopropamide	7
Tirzepatide	7
Piperazine	7
Purified Vi Polysaccharide Typhoid Vaccine	6
Biozoc Incdomperidone	6
Carbetocin	6
Care Biotech	6
Tocotrienol	6
Electrolytes	6
Adenosine	6
Hegde And Hegde Pharmaceutica Llpbetamethasone	6
Zotepine	6
Succinyl Choline Chloride	6
Human Menopausal Gonadotrophin	6
Limitedlevocetirizine	6
Argos Healthcare	6
Sotalol	6
Apalutamide	6
Framycetin	6
Limitedmethylcobalamin	6
Uniza Healthcare Llpprogesterone	6
Enrofloxacin	6
Aarcin Pharmaceutical Llpceftriaxone	6
Canagliflozin	6
Penicillin V	6
Hegde And Hegde Pharmaceutica Llpcefpodoxime Proxetil	6
Desidustat	6
Uniza Healthcare Llptelmisartan	6
Biapenem	6
Acme Generics Llpitraconazole	6
Glycolic Acid	6
Selexipag	6
Sarolaner	6
Nadroparin	6
Nouveau Medicament	6
Biocrross Chem Llpaceclofenac	6
Carboprost	6
Borax	6
Hemocoagulase	6
Acmedix Pharma Llpmetformin	6
Recombinant Human Erythropoietin	6
Hegde And Hegde Pharmaceutica Llpketoconazole	6
Limitedaspirin	6
Manganese	6
Dobutamine	6
Biocrross Chem Llpcefixime	6
Econazole	6
Methdilazine	6
L-methyltetrahydrofolate Clacium	6
Rubella Vaccine	6
Limitedamoxycillin	6
Vericiguat	6
L-glutamine	6
Romiplostim	6
Flecainide	6
S-methoprene	6
Inactivated Influenza Vaccine	6
Limitedcefpodoxime Proxetil	6
Granulocyte Colony Stimulating Factor	6
Limitedgabapentin	6
Cefditoren	6
Limitedamlodipine	6
Didanosine	6
Tetrabenazine	6
Metamizole	6
Verapamil	6
Uniza Healthcare Llprosuvastatin	6
Satwisha Healthcare	6
Insulin Degludec	6
Limitedtelmisartan	6
Limitedofloxacin	6
Manganese Sulphate	6
Dactinomycin	6
Potassium Dihydrogen Phosphate	6
Pimecrolimus	6
Estriol	6
Limitedpregabalin	6
Glycine	6
Pertuzumab	5
Medmom Pharmaceuticals Llpcefixime	5
Rosehip	5
Trypan Blue	5
Moclobemide	5
Darunavir	5
Astemizole	5
Mesterolone	5
Limitedrabeprazole	5
Avanafil	5
Overseasnimesulide	5
Monobenzone	5
Limitedlosartan	5
Crotamiton	5
Sodium Metabisulphite	5
Pyritinol	5
Papaverine	5
Fluorouracil	5
Desoximetasone	5
Parecoxib	5
Methoxy Polyethylene Glycol-epoetin Beta	5
Indoscot Healthcare Llpcefixime	5
Tinzaparin	5
Rathi Laboratories	5
Acmedix Pharma Llpsitagliptin	5
Live Freeze Dried Lactic Acid Bacteria And Bifidobacteria	5
Acmedix Pharma Llprosuvastatin	5
Pimavanserin	5
Haemophilus Influenzae Type B Capsular Polysaccharide	5
Butenafine	5
Mustcure Healthcare Llpdomperidone	5
Baxova Labs	5
Satranidazole	5
Esmolol	5
Insulin Aspart Protamine	5
Gimeracil	5
Oteracil	5
Lactobacillus Plantarum	5
Beepharma Healthcare	5
Diatrizoic Acid	5
Celagenex Research	5
Methylcellulose	5
Terpineol	5
Spranza Vita Pharmaceutical Llpcefixime	5
Cavalry Laboratories	5
SRK Puremed Llpketoconazole	5
Clemastine	5
Halometasone	5
Tocoferol	5
Streptomycin	5
Recombinant Human Epidermal Growth Factor	5
Pralidoxime	5
Recombinant Human Erythropoietin Beta	5
Limiteddiclofenac	5
Sodium Tauroglycocholate	5
Epinastine	5
Limitedolmesartan Medoxomil	5
Limitedursodeoxycholic Acid	5
Lomustine	5
Procarbazine	5
Indoscot Healthcare Llpdomperidone	5
Fibrinogen	5
Biocrross Chem Llpdomperidone	5
Netarsudil	5
Erdosteine	5
UHUD Lifesciences	5
Naloxone	5
Propoxur	5
Potassium Hydrogen Carbonate	5
Pentosan Polysulfate Sodium	5
Tocilizumab	5
Viakos Pharmaceuticals	5
Reteplase	5
Rasburicase	5
Vitamin K	5
Zeotic Healthcare	5
Lactase	5
M Capsules India Pharmaceuticals	5
Tolfenamic Acid	5
Medicaid Labs Llpatorvastatin	5
Benzalkonium Chloride	5
Edhas Organics	5
Atracurium	5
Sisomicin	5
Salmonella Typhi Vaccine	5
Olive Oil	5
Carisoprodol	5
Hegde And Hegde Pharmaceutica Llpcefixime	5
Icosapent Ethyl	5
Buserelin	5
Hyoscyamine	5
Bivalirudin	5
Nitrofurazone	5
Liraglutide	5
Diphenoxylate	5
Eflornithine	5
Testosterone Phenylpropionate	5
Testosterone Isocaproate	5
Benzoic Acid	5
Vecuronium	5
Hegde And Hegde Pharmaceutica Llplevocetirizine	5
Cefetamet	5
Butorphanol	5
Siramed Pharmaceuticals	5
Selegiline	5
Remington Life Sciences Llptelmisartan	5
Crisaborole	5
Medmom Pharmaceuticals Llpcefpodoxime Proxetil	5
Coral Calcium	5
Indoscot Healthcare Llpambroxol	5
Almotriptan	5
Limitedetoricoxib	5
Proguanil	5
Exenatide	5
Varicella Vaccine	5
Attenuated	5
Pyrantel Embonate	5
Adenosylcobalamin	5
Phenazopyridine	5
Fairdeal Formulations	4
Snake Venom Antiserum	4
Bemiparin	4
Limbson Pharmaceuticals Llpamoxycillin	4
Healthserch Pharma Llpcefixime	4
Pantothenic Acid	4
Indoscot Healthcare Llpaceclofenac	4
Fimasartan	4
Ferrous Fumarate	4
Docusate	4
Liothyronine	4
Oxyphenbutazone	4
Sugammadex	4
Harpagoside	4
Thymosin Alpha	4
Arformoterol	4
Methylparaben	4
Dextromethorphan Hydrochloride	4
Liras Pharmaceutical Llpatorvastatin	4
Biozoc Incamoxycillin	4
Omalizumab	4
Carbazochrome	4
Thiomersal	4
Apothera Laboratories	4
Grape Seed Extract	4
Phenoxybenzamine	4
Labs Limiteddomperidone	4
Quinidine	4
Medmom Pharmaceuticals Llpprogesterone	4
Mitoxantrone	4
Saroglitazar	4
Win Pharmaceuticals	4
Ramedi Pharmaceuticals	4
Manas Pharma Mfglorazepam	4
S-etodolac	4
Sevoflurane	4
Galantamine	4
Medmom Pharmaceuticals Llptelmisartan	4
Medicaid Labs Llprosuvastatin	4
Sulfiram	4
Limitedbromelain	4
Llpcefpodoxime Proxetil	4
Fenoverine	4
Chlorothymol	4
Eucalyptol	4
Penfluridol	4
Biozoc Incaceclofenac	4
Silver Colloid	4
Balsalazide	4
Manas Pharma Mfgfluoxetine	4
Pizotifen	4
Hegde And Hegde Pharmaceutica Llpamoxycillin	4
Limitedglibenclamide	4
Vonartes Pharmaceutical Llptelmisartan	4
Limitedrosuvastatin	4
Naftopidil	4
S-metoprolol Tartrate	4
Otilonium Bromide	4
Nicergoline	4
Vitamin E Acetate	4
Pegylated Recombinant Human Erythropoietin	4
Tiagabine	4
Triticum Vulgare Extract	4
Ruxolitinib	4
Limitedrisperidone	4
Limitedmirtazapine	4
Healthserch Pharma Llpamoxycillin	4
Rajat Care Llptelmisartan	4
Atosiban	4
Measles Vaccine	4
Hegde And Hegde Pharmaceutica Llpfluticasone Furoate	4
Lacidipine	4
Benserazide	4
Cetilistat	4
Uniza Healthcare Llpglimepiride	4
Glatiramer Acetate	4
Overseasroxithromycin	4
Trospium	4
Overseaslevocetirizine	4
Trelagliptin	4
Limitedetizolam	4
Lobeglitazone Sulfate	4
Iron Polysaccharide Complex	4
Overseaschlorzoxazone	4
Insulin Glulisine	4
Hegde And Hegde Pharmaceutica Llpluliconazole	4
Golgi Usa Research Laboratories Llpolmesartan Medoxomil	4
Pegaspargase	4
Healthserch Pharma Llpdomperidone	4
Limitedsertraline	4
Quiniodochlor	4
Hydrotalcite	4
Allium Cepa	4
Pancuronium	4
Spranza Vita Pharmaceutical Llpaceclofenac	4
Norgestrel	4
Prothionamide	4
Aarcin Pharmaceutical Llpdiclofenac	4
Betaxolol	4
Denizen Pharmaceuticals India	4
Hegde And Hegde Pharmaceutica Llpitraconazole	4
Calcium Orotate	4
Pneumococcal Polysaccharide Conjugate Vaccine	4
And Products For Cervical Dilatation	4
Rotavirus Vaccine	4
Univestin	4
Freeze-dried Live Attenuated Hepatitis A Vaccine	4
Tiapride	4
Heal	4
Ammonium Lactate	4
Medmom Pharmaceuticals Llpdomperidone	4
Pitofenone	4
Fenpiverinium	4
Chromium Chloride	4
Calcium Phosphate	4
Daunorubicin	4
Manas Pharma Mfgchlorpromazine	4
Benazepril	4
Arginine	4
Human Coagulation Factor VIII	4
Pharmazeal Healthcare Llptelmisartan	4
Limbson Pharmaceuticals Llpazithromycin	4
Dulaglutide	4
Menschlich Healthcare	4
Hegde And Hegde Pharmaceutica Llpminoxidil	4
Pinaverium Bromide	4
Imiquimod	4
Iohexol	4
Indoscot Healthcare Llpcefpodoxime Proxetil	4
Hegde And Hegde Pharmaceutica Llppermethrin	4
Nivolumab	4
Dextrothyroxine	4
Reserpine	4
Bennet Mypher Pharmaceuticals Llpgranisetron	4
Gamma Linolenic Acid	4
Hegde And Hegde Pharmaceutica Llpterbinafine	4
Relugolix	4
Captopril	4
Isoprenaline	4
Limbson Pharmaceuticals Llpdomperidone	4
Moxidectin	4
Isoflurane	4
Triamterene	4
Limitedramipril	4
Healthserch Pharma Llpceftriaxone	4
Recombinant	4
SRK Puremed Llpglimepiride	4
Meningococcal Vaccine	4
Polidocanol	4
Ampure Pharmaceutical Llptelmisartan	4
Overseasalprazolam	3
Alogliptin	3
Standard Cobra Venom	3
Standard Common Krait Venom	3
Standard Russels Viper Venom	3
Golgi Usa Research Laboratories Llpfenofibrate	3
Tenoxicam	3
L-lysine Monohydrochloride	3
Protein Hydrolysate	3
Indoscot Healthcare Llpondansetron	3
Plusplus Lifesciences Llphydroxyprogesterone	3
Hegde And Hegde Pharmaceutica Llpdomperidone	3
Limitedmetformin	3
Hydroxocobalamin	3
U Lifesciences Llpglimepiride	3
Hegde And Hegde Pharmaceutica Llpchlorpheniramine Maleate	3
Healthcaredomperidone	3
Lacto Bacillus Rhamnosus	3
Chlormezanone	3
Uniflexin	3
Limitednimesulide	3
Indinavir	3
Manas Pharma Mfgnortriptyline	3
Ringer's Lactate	3
Solacium Lifesciences Llpaspirin	3
Healthserch Pharma Llpamikacin	3
Inosine Pranobex	3
Thymol	3
SRK Puremed Llpcefixime	3
Limitedmeropenem	3
Healthserch Pharma Llpofloxacin	3
Aarcin Pharmaceutical Llpdomperidone	3
Cyclandelate	3
Nitroprusside	3
Fluvastatin	3
Limitedacenocoumarol	3
SRK Puremed Llpmefenamic Acid	3
Llpglimepiride	3
Cadsol Life Sciences Llpglimepiride	3
Mediwart Pharmaceuticals Llptelmisartan	3
Ferrous Asparto Glycinate	3
Twine Protega Llptelmisartan	3
Lactobacillus Reuteri	3
Lactobacillus Casei	3
Peptone	3
Iodine	3
Hegde And Hegde Pharmaceutica Llpbeclometasone	3
Inactivated Hepatitis A Vaccine	3
Aflapin	3
Rainbow Laboratories	3
Hegde And Hegde Pharmaceutica Llptacrolimus	3
Frank Biotic Remedies	3
Sodium Perborate Monohydrate	3
Aliskiren	3
Idarubicin	3
Nitisinone	3
Medmom Pharmaceuticals Llpmetformin	3
Adi Healthcare Solutions Llptadalafil	3
Sunrise Pharmaceuticalpantoprazole	3
Nefopam	3
Health Care Llprosuvastatin	3
Estramustine	3
L-glutathione	3
Osimertinib	3
Bilmeds Pharmaceuticals	3
Limitedciticoline	3
Llpamoxycillin	3
Medieos Lifesciences Llpaceclofenac	3
U Lifesciences Llptelmisartan	3
Medmom Pharmaceuticals Llplevosulpiride	3
Aush Pharma Llpaceclofenac	3
Limiteddesloratadine	3
Extractum Cepae-cepalin	3
Sunrise Pharmaceuticalaceclofenac	3
Ethylmorphine	3
Nicotinic Acid	3
Medmom Pharmaceuticals Llpaceclofenac	3
SRK Puremed Llpatorvastatin	3
Itolizumab	3
Pravastatin	3
Indoscot Healthcare Llpprogesterone	3
Limitedmethylprednisolone	3
Alister Life Sciences Llpluliconazole	3
Mumps Virus Vaccine	3
Podophyllum Resin	3
Benzoin	3
Levomilnacipran	3
Sals Remedies Llpropivacaine	3
Alectinib	3
Human Gamma Globulin	3
Levosimendan	3
Calcium Lactobionate	3
Zaltoprofen	3
Biocrross Chem Llpparacetamol	3
Kainosis Pharmaceuticalsdeflazacort	3
Manas Pharma Mfgclozapine	3
Thrombin	3
Gaba Healthcare Llptelmisartan	3
Overseasparacetamol	3
Disopyramide	3
Alprostadil	3
Cholestyramine	3
Limitedceftazidime	3
Indoscot Healthcare Llpceftriaxone	3
Biosynergy Lifecare	3
Mustcure Healthcare Llpcefpodoxime Proxetil	3
Dimethindene	3
Levomenthol	3
Limitedtolperisone	3
Inulin	3
Iopamidol	3
Bacterial Lysate	3
Sucroferric Oxyhydroxide	3
Physiment Pharmaceutical Llpgliclazide	3
Shree Hari Parenteral Llpaceclofenac	3
Limbson Pharmaceuticals Llpglimepiride	3
Polio Vaccine	3
SRK Puremed Llpphenylephrine	3
Abemaciclib	3
Limitedaripiprazole	3
Tribasic Calcium Phosphate	3
Citrus Bioflavonoid	3
Limitedprogesterone	3
Amerigen Lifesciences Llpdomperidone	3
Joseph Lister Pharmaceuticals	3
Hegde And Hegde Pharmaceutica Llpmupirocin	3
Limitedrepaglinide	3
Amlexanox	3
Trimipramine	3
Healthserch Pharma Llprabeprazole	3
Limitedrivaroxaban	3
Hofloxacin	3
Rutin	3
Mercaptopurine	3
Sodium Pyrrolidone Carboxylic Acid	3
Solacium Lifesciences Llpduloxetine	3
L-isoleucine	3
Pneumococcal Polysaccharide Vaccine	3
Curcuma Longa	3
Goserelin Acetate	3
Biocrross Chem Llpolmesartan Medoxomil	3
Overseaschlorpheniramine Maleate	3
Bennet Mypher Pharmaceuticals Llphydroxyzine	3
Acmedix Pharma Llpetoricoxib	3
Kainosis Pharmaceuticalsaceclofenac	3
Avallac Pharmaceutical Llppramipexole	3
Serotonin Pharmaceuticals Llpfluoxetine	3
Nimorazole	3
Regorafenib	3
Resveratrol	3
Llptelmisartan	3
Cetyl Alcohol	3
Limitedfexofenadine	3
Zafirlukast	3
Ferric Citrate	3
Sulpiride	3
Spranza Vita Pharmaceutical Llpdomperidone	3
Testosterone Decanoate	3
Ripasudil	3
Kainosis Pharmaceuticalscefixime	3
Macitentan	3
Mustcure Healthcare Llpcefuroxime	3
Labs Limitedatorvastatin	3
Policosanol	3
Remington Life Sciences Llpcefpodoxime Proxetil	3
Medicaid Labs Llpolmesartan Medoxomil	3
Hegde And Hegde Pharmaceutica Llpmontelukast	3
Durosine Pharmaceuticals Llpglimepiride	3
Overseascefalexin	3
Hondansetron	3
Etomidate	3
Stabilized Oxychloro	3
Labs Limitedaceclofenac	3
Finerenone	3
Llpatorvastatin	3
Xantinol Nicotinate	3
Dellwich Healthcare Llpfluoxetine	3
Curigen Pharmaceuticals Llpambroxol	3
Biozoc Inclevocetirizine	3
Vigabatrin	3
Fingolimod	3
Evogliptin	3
Fluorescein	3
Kainosis Pharmaceuticalslevocetirizine	3
Limitedphenylephrine	3
Limitedterbinafine	3
Troxipide	3
Hdomperidone	3
Chlorambucil	3
Kainosis Pharmaceuticalsamoxycillin	3
Alister Life Sciences Llpketoconazole	3
Temsirolimus	3
Uniza Healthcare Llpformoterol	3
Tasmed	3
Medmom Pharmaceuticals Llppantoprazole	3
Uniza Healthcare Llphydroxyzine	3
L-glutamate	3
Raltegravir	3
Ampure Pharmaceutical Llpitraconazole	3
Limitedmontelukast	3
Aarcin Pharmaceutical Llpcefpodoxime Proxetil	3
Sodium Sulphate	3
Potassium Sulphate	3
Dinoprostone	3
L-histidine Hydrochloride	3
Cod Liver Oil	3
Labs Limitedtelmisartan	3
Sunrise Pharmaceuticaldomperidone	3
Bennet Mypher Pharmaceuticals Llpaceclofenac	3
Inclisiran	3
Mianserin	3
Sodium Thiosulphate	3
Daratumumab	3
Cetuximab	3
Benzonatate	3
Sap Biotech	3
Medmom Pharmaceuticals Llpdiclofenac	3
Tafluprost	3
Abciximab	3
Dofetilide	3
Dacomitinib	3
Ethosuximide	2
Limiteddapagliflozin	2
Oclacitinib	2
Remington Life Sciences Llpambroxol	2
Limbson Pharmaceuticals Llpursodeoxycholic Acid	2
Hegde And Hegde Pharmaceutica Llpbilastine	2
Maxus Pharma Llptelmisartan	2
Uniza Healthcare Llpferric Carboxymaltose	2
Carbohydrate	2
Iron Choline Citrate	2
Manganese Chloride	2
Alister Life Sciences Llpxylometazoline	2
Acmedix Pharma Llpmetoprolol Succinate	2
Inotuzumab Ozogamacin	2
Limbson Pharmaceuticals Llpcefpodoxime Proxetil	2
Additus Medi-healthcare Llptelmisartan	2
Zulesma Llprabeprazole	2
Healthserch Pharma Llpsucralfate	2
Overseasdiclofenac	2
Limitedfebuxostat	2
Remedise Pharma Llpdomperidone	2
Starmed Biotechtelmisartan	2
Meglumine Diatrizoate	2
Sodium Diatrizoate	2
Varenicline	2
Psoralen	2
Starmed Biotechclonazepam	2
Mankind Pharma Ltdsilver Nano Particles	2
Biocrross Chem Llpchlorpheniramine Maleate	2
Limitedamisulpride	2
Limitedlornoxicam	2
Medmom Pharmaceuticals Llpnandrolone Decanoate	2
Starmed Biotechpregabalin	2
Dopamine	2
Overseasnandrolone Decanoate	2
Limitedsucralfate	2
Procaine	2
Limitedtramadol	2
Curenus Pharma Llptrimetazidine	2
Tolbutamide	2
Chymotrypsin	2
Overseasazithromycin	2
RUV Pharma Llpcilnidipine	2
Labs Limitedivermectin	2
Ginkgo Biloba Extract	2
Gadodiamide	2
Healthcareondansetron	2
Hegde And Hegde Pharmaceutica Llptelmisartan	2
Oxaprozin	2
Demeclocycline	2
RUV Pharma Llpcefpodoxime Proxetil	2
Heal-thy Self Pharmaceuticals Llpaceclofenac	2
Saiwon Healthcare	2
Llpaceclofenac	2
Medmom Pharmaceuticals Llpphenylephrine	2
Serotonin Pharmaceuticals Llpclonazepam	2
Bplpyrantel Pamoate	2
Healthserch Pharma Llpnandrolone Decanoate	2
Indoscot Healthcare Llpnimesulide	2
Limitedenalapril	2
Solutia Pharma Llpamoxycillin	2
Dellwich Healthcare Llpflunarizine	2
Uniza Healthcare Llplevocetirizine	2
Limbson Pharmaceuticals Llplevosulpiride	2
Research Laboratory	2
Overseasacyclovir	2
Limitednicorandil	2
Vonartes Pharmaceutical Llpdomperidone	2
Bplgentamicin	2
Sightcare Pharma Llpdorzolamide	2
Nystatin	2
Limitedceftizoxime	2
Emicizumab	2
Manas Pharma Mfgaripiprazole	2
Ganirelix	2
Limitedivermectin	2
Overseasursodeoxycholic Acid	2
Overseasenalapril	2
Chromium	2
Idoxuridine	2
Uniza Healthcare Llpitraconazole	2
Sightcare Pharma Llpnepafenac	2
Eprosartan	2
Advent Life Sciences Llplevofloxacin	2
Llplevocetirizine	2
Exizen Lifesciences Llptopiramate	2
Tabs Lab Healthcare Llpmefenamic Acid	2
Inactivated Japanese Encephalitis Virus Protein	2
Ai Health Care Llpamoxycillin	2
Indoscot Healthcare Llpofloxacin	2
Lesoir Pharmaceuticals	2
Crizotinib	2
Overseascefpodoxime Proxetil	2
Limitedambroxol	2
Pro Healthcare Llpazithromycin	2
Remington Life Sciences Llpamoxycillin	2
Limitedtrypsin	2
Ambroza Lifecare Llpetoricoxib	2
Ultimedixnandrolone Decanoate	2
Vonartes Pharmaceutical Llprosuvastatin	2
Dellwich Healthcare Llppropranolol	2
Twine Protega Llprosuvastatin	2
Indoscot Healthcare Llppantoprazole	2
Hegde And Hegde Pharmaceutica Llpmiconazole	2
Indoscot Healthcare Llpclobetasol	2
Kainosis Pharmaceuticalsdomperidone	2
Medmom Pharmaceuticals Llplevocetirizine	2
Overseaspantoprazole	2
Pharmazeal Healthcare Llpgabapentin	2
Octinoxate	2
Benzophenone	2
Tacalcitol	2
Eptacog Alfa	2
Limbson Pharmaceuticals Llplevosalbutamol	2
Labs Limitedceftriaxone	2
Curigen Pharmaceuticals Llpparacetamol	2
Manas Pharma Mfgmirtazapine	2
Serotonin Pharmaceuticals Llpsertraline	2
Mustcure Healthcare Llppantoprazole	2
Manas Pharma Mfgnitrazepam	2
Gramicidin	2
Medieos Lifesciences Llpsilodosin	2
Filamentous Haemagglutinin	2
Flumazenil	2
Rabies Human Monoclonal Antibody	2
Glial Life Science Llpescitalopram Oxalate	2
Rifabutin	2
Oli Pharma Llpsodium Hyaluronate	2
Manas Pharma Mfgescitalopram Oxalate	2
Spranza Vita Pharmaceutical Llpivermectin	2
Uniza Healthcare Llpaspirin	2
Biocrross Chem Llpbromhexine	2
Medmom Pharmaceuticals Llpmontelukast	2
Spranza Vita Pharmaceutical Llpparacetamol	2
Serotonin Pharmaceuticals Llpduloxetine	2
Hegde And Hegde Pharmaceutica Llpaceclofenac	2
Acmedix Pharma Llpmethylcobalamin	2
Ustekinumab	2
Alister Life Sciences Llppotassium Nitrate	2
Hegde And Hegde Pharmaceutica Llpadapalene	2
Ampure Pharmaceutical Llpglimepiride	2
Bennet Mypher Pharmaceuticals Llpambroxol	2
Medicaid Labs Llpgabapentin	2
Magnesium Bisglycinate	2
Fosinopril	2
Hsekar Pharma	2
Acmedix Pharma Llpamlodipine	2
Di-iodohydroxyquinoline	2
Nivian Pharma Llpprogesterone	2
Deus Biotech Llpdomperidone	2
Tioconazole	2
Curigen Pharmaceuticals Llpitraconazole	2
Labs Limitedsevelamer	2
Medmom Pharmaceuticals Llpazithromycin	2
Limitedparacetamol	2
Uniza Healthcare Llpdapagliflozin	2
Aush Pharma Llpparacetamol	2
Ampure Pharmaceutical Llpofloxacin	2
Limitedoctreotide Acetate	2
Dithranol	2
Levonadifloxacin	2
Limitedmoxonidine	2
Ai Health Care Llppantoprazole	2
Trametinib	2
Currant Life Science Llpamitriptyline	2
Anzecure Pharmaceuticals Llpduloxetine	2
Labs Limitedsilodosin	2
Medmom Pharmaceuticals Llpondansetron	2
Llpofloxacin	2
Cynoacrylate	2
Cinchocaine	2
Policresulen	2
Sovateltide	2
Limitedlevetiracetam	2
Limiteddrotaverine	2
Matilda Pharmaceuticals	2
Ceftibuten	2
Limbson Pharmaceuticals Llpdeflazacort	2
Mustcure Healthcare Llptelmisartan	2
Llpchlorpheniramine Maleate	2
Medicaid Labs Llpacebrophylline	2
Elegant Remedies	2
Plecanatide	2
Trabectedin	2
SRK Puremed Llprosuvastatin	2
Overseasivermectin	2
Aarcin Pharmaceutical Llppantoprazole	2
Paracetamol/acetaminophen	2
Hydrocortisone Aceponate	2
Tabs Lab Healthcare Llpdomperidone	2
Serotonin Pharmaceuticals Llpdesvenlafaxine	2
Amerigen Lifesciences Llpofloxacin	2
Starmed Biotechrosuvastatin	2
Ultimedixhydroxyprogesterone	2
Xylitol	2
Reboxetine	2
Roxatidine	2
Inviscus Lifescience Llpaspirin	2
Alpelisib	2
Curatas Pharmaceuticals Llpmetformin	2
Overseasethamsylate	2
Mizolastine	2
Arsenic Trioxide	2
Treosulfan	2
Sightcare Pharma Llploteprednol Etabonate	2
Lipase	2
Protease	2
Astra IDL Maxdomperidone	2
Astra IDL Maxtelmisartan	2
Limbson Pharmaceuticals Llpprogesterone	2
Ambroza Lifecare Llpmetformin	2
Medicaid Labs Llpdomperidone	2
Oli Pharma Llpmoxifloxacin	2
Acmedix Pharma Llpbisoprolol	2
Warner	2
Medieos Lifesciences Llppancreatin	2
Spranza Vita Pharmaceutical Llpnandrolone Decanoate	2
Ai Health Care Llpnimesulide	2
Hydroxyquinolines	2
S Pharmalevocetirizine	2
Liger Life Links	2
Biozoc Incetoricoxib	2
Overseasaceclofenac	2
Pharmaceuticals Private Limitedtobramycin	2
Aavn Pharmaceuticals	2
Climbazole	2
SRK Puremed Llpcefpodoxime Proxetil	2
Light Magnesium Oxide	2
Avallac Pharmaceutical Llpquetiapine	2
Limitedlactulose	2
Medmom Pharmaceuticals Llpambroxol	2
Bennet Mypher Pharmaceuticals Llpclindamycin	2
Etidronate	2
Biocrross Chem Llpamoxycillin	2
Biozoc Incofloxacin	2
Curigen Pharmaceuticals Llpcefpodoxime Proxetil	2
Kainosis Pharmaceuticalsdiclofenac	2
Nirmatrelvir	2
Piper Nigrum	2
Manas Pharma Mfgtelmisartan	2
U Lifesciences Llprosuvastatin	2
Glial Life Science Llpmemantine	2
Labs Limitedolanzapine	2
Medichem	2
Limitedfenofibrate	2
Limiteddosulepin	2
Medmom Pharmaceuticals Llpacebrophylline	2
SRK Puremed Llpdiclofenac	2
SRK Puremed Llpambroxol	2
Naftifine Hydrochloride	2
Healthcaremefenamic Acid	2
Manas Pharma Mfgdoxepin	2
Exizen Lifesciences Llpolanzapine	2
Adefovir	2
Kainosis Pharmaceuticalsmethylcobalamin	2
Hegde And Hegde Pharmaceutica Llpazithromycin	2
Macsur Pharmaa	2
Stearyl Alcohol	2
SVSD Medisect Pharma	2
Astra IDL Maxchlorpheniramine Maleate	2
Llpterbinafine	2
Doctov Pharmaceutical	2
Elobixibat	2
Labs Limitedamoxycillin	2
Felbinac	2
Trimebutine	2
Capmatinib	2
Medmom Pharmaceuticals Llpgabapentin	2
Manas Pharma Mfgpiracetam	2
Casirivimab	2
Imdevimab	2
Vonartes Pharmaceutical Llpaceclofenac	2
Labs Limitedpregabalin	2
Trientine Hydrochloride	2
Deferiprone	2
Ceritinib	2
Uniza Healthcare Llplevosalbutamol	2
Alteplase	2
Hegde And Hegde Pharmaceutica Llpiron	2
Epsilon Aminocaproic Acid	2
Corticotropin	2
Upadacitinib	2
Shree Hari Parenteral Llplevocetirizine	2
Amrinone	2
Starmed Biotechprocyclidine	2
Spranza Vita Pharmaceutical Llplevofloxacin	2
Spranza Vita Pharmaceutical Llpitraconazole	2
Healthserch Pharma Llppantoprazole	2
Llpceftriaxone	2
Aush Pharma Llpazithromycin	2
Indoscot Healthcare Llpmethylprednisolone	2
Rajat Care Llpdomperidone	2
Durvalumab	2
Bennet Mypher Pharmaceuticals Llpamoxycillin	2
Gelnova Laboratories	2
Indoscot Healthcare Llpcaffeine	2
Mustcure Healthcare Llpofloxacin	2
Ultimedixofloxacin	2
Uniza Healthcare Llppirfenidone	2
Atezolizumab	2
Llpnandrolone Decanoate	2
Spranza Vita Pharmaceutical Llpdiclofenac	2
Fludrocortisone	2
Astamed Healtcare	2
Livia Healthcare Llpketoconazole	2
Biozoc Incmefenamic Acid	2
Nitrendipine	2
Umeclidinium	2
Medmom Pharmaceuticals Llpamoxycillin	2
Uniza Healthcare Llpacebrophylline	2
Kainosis Pharmaceuticalsazithromycin	2
Rajat Care Llplevocetirizine	2
Co-trimoxazole	2
Limitedranolazine	2
SRK Puremed Llpsitagliptin	2
Limitedhydrochlorothiazide	2
Glial Life Science Llppregabalin	2
Bennet Mypher Pharmaceuticals Llpluliconazole	2
Medmom Pharmaceuticals Llpaspirin	2
Molgramostim	2
Limitedparoxetine	2
Retapamulin	2
Kainosis Pharmaceuticalsprogesterone	2
Equine Rabies Immunoglobulin	2
Exizen Lifesciences Llpescitalopram Oxalate	2
Lactobacillus Fermentum	2
Biozoc Incmethylcobalamin	2
Limbson Pharmaceuticals Llpdiclofenac	2
Overseasesomeprazole	2
Limitedlevofloxacin	2
Hegde And Hegde Pharmaceutica Llpambroxol	2
Felodipine	2
Tolmetin	2
Indoscot Healthcare Llptrypsin	2
Indoscot Healthcare Llptelmisartan	2
Medicaid Labs Llpamlodipine	2
Tipiracil	2
Trifluridine	2
Astra IDL Maxlevosalbutamol	2
Overseasibuprofen	2
Human Rabies Immunoglobulin	2
Bennet Mypher Pharmaceuticals Llpketoconazole	2
Rajat Care Llpparacetamol	2
Serotonin Pharmaceuticals Llprisperidone	2
Hegde And Hegde Pharmaceutica Llpclotrimazole	2
Glucagon	2
Biocrross Chem Llpmefenamic Acid	2
Labs Limitedescitalopram Oxalate	2
Dalbavancin	2
Graciera Pharmacetuicals Llpambroxol	2
Hegde And Hegde Pharmaceutica Llpclindamycin	2
Labs Limitedazithromycin	2
Phenyramidol	2
Limitedacebrophylline	2
Astra IDL Maxtorasemide	2
Mustcure Healthcare Llpaceclofenac	2
Dellwich Healthcare Llpbaclofen	2
Shree Hari Parenteral Llpcefixime	2
Rapid Solutions	2
Ultimedixamikacin	2
Aarcin Pharmaceutical Llpazithromycin	2
Medmom Pharmaceuticals Llpofloxacin	2
Ampure Pharmaceutical Llplevocetirizine	2
Fesoterodine Fumarate	2
Overseasserratiopeptidase	2
Graciera Pharmacetuicals Llpcefpodoxime Proxetil	2
Limbson Pharmaceuticals Llppantoprazole	2
Currant Life Science Llpamisulpride	2
Grivety Lifecare Llpetoricoxib	2
Pembrolizumab	2
Limitedmetoprolol Succinate	2
Imidapril	2
Healthcareitraconazole	2
Bezafibrate	2
Nirvonix Healthcare Llptelmisartan	2
Overseasketorolac	2
Limitedxylometazoline	2
Lemborexant	2
Medmom Pharmaceuticals Llpcefuroxime	2
Aush Pharma Llpglimepiride	2
Llpdiclofenac	2
Uniza Healthcare Llpbilastine	2
Ampure Pharmaceutical Llpdomperidone	2
Hegde And Hegde Pharmaceutica Llpfexofenadine	2
Minodronic Acid	2
Uniza Healthcare Llpamorolfine	2
Rajat Care Llprosuvastatin	2
Hcefixime	2
Choline Fenofibrate	2
Aush Pharma Llpatorvastatin	2
Advent Life Sciences Llpnimesulide	2
SRK Puremed Llppovidone Iodine	2
Remington Life Sciences Llpaceclofenac	2
Vitalcore Pharma Llpdomperidone	2
Flaxseed Oil	2
Propyl Thiouracil	2
Spranza Vita Pharmaceutical Llpazithromycin	2
Morepen Laboratories Ltdsitagliptin	2
Oli Pharma Llploteprednol Etabonate	2
Dellwich Healthcare Llpdonepezil	2
Sibutramine	2
Acmedix Pharma Llpsacubitril	2
Biozoc Incpantoprazole	2
Ultimedixceftriaxone	2
Healthcarelevocetirizine	2
L-threonine	2
L-methionine	2
Uniza Healthcare Llpsitagliptin	2
Spranza Vita Pharmaceutical Llpmoxifloxacin	2
Infliximab	2
Limitedpantoprazole	2
Aarcin Pharmaceutical Llpdeflazacort	2
Biocrross Chem Llpsucralfate	2
Limitednandrolone Decanoate	2
Hegde And Hegde Pharmaceutica Llpglimepiride	2
Parnaparin	2
Pazufloxazin	2
Ai Health Care Llpdomperidone	2
Hdiclofenac	2
Saquinavir	2
Tetracosactide	2
Cypermethrin	2
Graciera Pharmacetuicals Llpartemether	2
Flucytosine	2
Wyeth Lederle	2
Exizen Lifesciences Llppregabalin	2
Medmom Pharmaceuticals Llpmethylprednisolone	2
Labs Limitedofloxacin	2
Twine Protega Llpatorvastatin	2
Healthcareaceclofenac	2
Anti-psoriatic	2
Niclosamide	2
Graciera Pharmacetuicals Llpamoxycillin	2
Nex-med Healthcare	2
Healthcareamoxycillin	2
Homotaurine	2
Freed Pharma Llpamoxycillin	2
Bennet Mypher Pharmaceuticals Llpdomperidone	2
Protamine Sulfate	2
Nelfinavir	2
Serotonin Pharmaceuticals Llplorazepam	2
Gestodene	2
Calcium Lactate	2
Vitamin D	2
Carbonyl Iron	2
Centbucridine	2
Vonartes Pharmaceutical Llpglimepiride	2
Lorlatinib	2
Biocrross Chem Llpnimesulide	2
Limiteddeflazacort	2
Limitedtorasemide	2
AFD Labs	2
Edoxaban Tosylate Monohydrate	2
Dellwich Healthcare Llplorazepam	2
Orrin Pharma Llpisotretinoin	2
Polystyrene Sulfonate	2
Limitedbetahistine	2
Arterolane	2
Piperaquine	2
Phospholipids	2
Labs Limitednorfloxacin	2
Manas Pharma Mfgphenytoin	2
Labs Limitedleflunomide	2
Hegde And Hegde Pharmaceutica Llpamorolfine	2
Mepolizumab	2
Llpmetformin	2
Graciera Pharmacetuicals Llpmefenamic Acid	2
Human Papillomavirus Quadrivalent	2
Biozoc Incdiclofenac	2
Human Prothrombin Complex	2
Limiteddoxycycline	2
Clostridium Botulinum Type A Toxin-haemagglutinin Complex	2
Spranza Vita Pharmaceutical Llpetoricoxib	2
Overseasambroxol	2
U Lifesciences Llpdomperidone	2
Limitedlacosamide	2
Astra IDL Maxcefpodoxime Proxetil	2
Labs Limitedolmesartan Medoxomil	2
Hegde And Hegde Pharmaceutica Llptretinoin	2
Dellwich Healthcare Llpescitalopram Oxalate	2
Twine Protega Llpmetformin	2
Lynestrenol	2
Limitedenoxaparin	2
Uniza Healthcare Llpmetformin	2
Indoscot Healthcare Llpobeticholic Acid	2
Mediwart Pharmaceuticals Llpcilnidipine	2
Methylcobalamin/mecobalamin	2
Phasphate	2
Besifloxacin	2
Streptococcus Faecalis	2
Clostridium Butryricum	2
Bacillus Mesentericus	2
Orciprenaline	2
Health Care Llptelmisartan	2
Indoscot Healthcare Llpluliconazole	2
Manas Pharma Mfgdiazepam	2
Curigen Pharmaceuticals Llpcefixime	2
Indoscot Healthcare Llpursodeoxycholic Acid	2
Moon	2
Uniza Healthcare Llpl-arginine	2
Healthserch Pharma Llpaceclofenac	2
Acmedix Pharma Llpolmesartan Medoxomil	2
Biocrross Chem Llptelmisartan	2
Dimercaprol	2
Twine Protega Llpdomperidone	2
Limitedcyproheptadine	2
Limitednitazoxanide	2
Avallac Pharmaceutical Llpprimidone	2
Histamine Dihydrochloride	2
Trimethoprim Combinations	2
Micronised Purified Flavonoid Fraction	2
Hegde And Hegde Pharmaceutica Llpisotretinoin	2
Llpranitidine	2
Physiment Pharmaceutical Llptelmisartan	2
Thioguanine	2
Cadsol Life Sciences Llprosuvastatin	2
Limitedticagrelor	1
Labs Limitedgabapentin	1
Vonartes Pharmaceutical Llpatorvastatin	1
Renwick Health Care Llpprogesterone	1
Limbson Pharmaceuticals Llpdrotaverine	1
Biocrross Chem Llpteneligliptin	1
Exizen Lifesciences Llparipiprazole	1
Overseasgatifloxacin	1
Tabs Lab Healthcare Llpofloxacin	1
Mandelic Acid	1
Aarcin Pharmaceutical Llpartemether	1
Spranza Vita Pharmaceutical Llploperamide	1
Maxheal Pharmaceuticals	1
Kainosis Pharmaceuticalscefoperazone	1
Aarcin Pharmaceutical Llpdoxylamine	1
Qmentis Pharma Solutions Llpmetformin	1
Healnwell Pharmaceutical Llplevocetirizine	1
U Lifesciences Llplevocetirizine	1
Sulfadimidine	1
Additus Medi-healthcare Llpmethylcobalamin	1
Sightcare Pharma Llppolyethylene Glycol	1
Acmedix Pharma Llpgabapentin	1
Manas Pharma Mfgfexofenadine	1
Jupiter Biolabs Private Limitedmethylcobalamin	1
Limitedbisoprolol	1
CIMS Pharmaceuticals Llpcalcium	1
Manas Pharma Mfgolanzapine	1
Overseaslactulose	1
Limitedchlorzoxazone	1
Spranza Vita Pharmaceutical Llppantoprazole	1
Kalmegh Dry Extract	1
Bennet Mypher Pharmaceuticals Llpcefpodoxime Proxetil	1
Med Revive Biotec Llptrypsin	1
Bplmethylergometrine	1
Curigen Pharmaceuticals Llpphenylephrine	1
Indoscot Healthcare Llpgabapentin	1
Limitedferrous Ascorbate	1
Rajat Care Llpdiclofenac	1
Limitedalpha-beta Arteether	1
Bennet Mypher Pharmaceuticals Llpbeclometasone	1
Healthcarerabeprazole	1
Binola Pharma Llpglimepiride	1
Levobunolol	1
Dellwich Healthcare Llpzolpidem	1
Ecranip Drugs	1
Kainosis Pharmaceuticalsondansetron	1
Coumarin	1
Manas Pharma Mfgaceclofenac	1
Skinnovate Therapeutics Llplevocetirizine	1
Medmom Pharmaceuticals Llpsucralfate	1
CIMS Pharmaceuticals Llpmeropenem	1
Vonartes Pharmaceutical Llpdapagliflozin	1
Biocrross Chem Llpdicyclomine	1
J M Pharma PVT Ltdetoricoxib	1
Llppiperacillin	1
Bplofloxacin	1
Advent Life Sciences Llpmethylcobalamin	1
Solutia Pharma Llppantoprazole	1
Biozoc Incambroxol	1
CIMS Pharmaceuticals Llpmethylprednisolone	1
Tabs Lab Healthcare Llpdoxylamine	1
Medmom Pharmaceuticals Llpbeclometasone	1
Spranza Vita Pharmaceutical Llpzinc Gluconate	1
Hegde And Hegde Pharmaceutica Llprabeprazole	1
Arnon Healthcare Llptramadol	1
Med Revive Biotec Llpcalcium Citrate Malate	1
J M Pharma PVT Ltdflavoxate	1
Bismuth Ammonium Citrate	1
Belladonna Dry Extract	1
Iodixanol	1
Methenamine Hippurate	1
Medmom Pharmaceuticals Llppiroxicam	1
Curigen Pharmaceuticals Llplevocetirizine	1
Magnomed Pharmaceuticals Llpamoxycillin	1
Healthserch Pharma Llpondansetron	1
Llpalprazolam	1
Honolive Pharma Llptelmisartan	1
Vedolizumab	1
Avant Bio Sciences Llpduloxetine	1
Astro Biogenics Llpmontelukast	1
Nippon Healthcare Llpampicillin	1
Aarcin Pharmaceutical Llpdrotaverine	1
J M Pharma PVT Ltdmethylcobalamin	1
Healthserch Pharma Llpmefenamic Acid	1
Curigen Pharmaceuticals Llpchlorpheniramine Maleate	1
Limitedchlorhexidine Gluconate	1
Zulesma Llpfexofenadine	1
Aoibhinn Pharma Llpdomperidone	1
Teqmed Pharma Llpclindamycin	1
Heal-thy Self Pharmaceuticals Llpdomperidone	1
Aluminium Phosphate	1
Recombinant Folliclestimulating Hormone	1
Hormone Recombinant Human Luteinizing Hormone/lutropin Alfa	1
Mustcure Healthcare Llpazithromycin	1
Proindia Organics Llpacetylcysteine	1
Deus Biotech Llpofloxacin	1
Medmom Pharmaceuticals Llpdeflazacort	1
Pharmazeal Healthcare Llpetoricoxib	1
Vonartes Pharmaceutical Llpteneligliptin	1
Onamoy Healthcare Llpvalethamate	1
Medmom Pharmaceuticals Llpisotretinoin	1
Tabs Lab Healthcare Llpphenylephrine	1
Limitedcefpirome	1
Manas Pharma Mfgzolpidem	1
Llpparacetamol	1
Serotonin Pharmaceuticals Llpescitalopram Oxalate	1
Rajat Care Llpamoxycillin	1
Diltiazem Topical	1
Synaptrics Lifesciences Llpcefpodoxime Proxetil	1
Pharmazeal Healthcare Llprosuvastatin	1
Limitedsildenafil	1
Currant Life Science Llptofisopam	1
Deus Biotech Llpaceclofenac	1
Currant Life Science Llpflunarizine	1
Heal India Pharmaceuticals Llpfexofenadine	1
Healthserch Pharma Llpambroxol	1
Medmom Pharmaceuticals Llpdapagliflozin	1
Diazoxide	1
SRK Puremed Llpamoxycillin	1
Dellwich Healthcare Llplithium Carbonate	1
Wisteria Healthcare Llptrypsin	1
Selag Biologicals Llpiron	1
Cidofovir	1
Starmed Biotechtizanidine	1
Healthserch Pharma Llpphenylephrine	1
Lixisenatide	1
Linest Pharma Llpphenylephrine	1
Medmom Pharmaceuticals Llpartesunate	1
Lidocaine/lignocaine	1
Remington Life Sciences Llplevocetirizine	1
Dredhas Organics	1
Labs Limitedmisoprostol	1
Endoxifen	1
Limbson Pharmaceuticals Llpambroxol	1
Propantheline	1
Teqmed Pharma Llppermethrin	1
Onamoy Healthcare Llpdisodium Hydrogen Citrate	1
Live Attenuated Varicella-zoster Virus	1
Pygeum Africanum	1
Overseasnorfloxacin	1
Limitedamikacin	1
Wisteria Healthcare Llpbromelain	1
Limiteddicyclomine	1
Limitedteicoplanin	1
Overseaslincomycin	1
Ai Health Care Llpchlorzoxazone	1
Vonartes Pharmaceutical Llpchlorzoxazone	1
Genzymetramadol	1
Amerigen Lifesciences Llplevocetirizine	1
Mustcure Healthcare Llpondansetron	1
Medicaid Labs Llpnitroglycerin	1
Aush Pharma Llpfluconazole	1
Currant Life Science Llpfluvoxamine	1
Brentuximab Vedotin	1
Skinnovate Therapeutics Llpcetrimide	1
Toripalimab	1
Bennet Mypher Pharmaceuticals Llploratadine	1
Medmom Pharmaceuticals Llpglimepiride	1
Ambroza Lifecare Llppantoprazole	1
Aminexil	1
Kisoc Healthcare	1
Medicaid Labs Llpmethylcobalamin	1
Limitedmycophenolate Mofetil	1
Hpovidone Iodine	1
J M Pharma PVT Ltdrifaximin	1
Spranza Vita Pharmaceutical Llpalbendazole	1
Grivety Lifecare Llpfaropenem	1
Limiteddonepezil	1
Healthserch Pharma Llpcefpodoxime Proxetil	1
Inviscus Lifescience Llpmacitentan	1
Curenus Pharma Llpfenofibrate	1
Zuventus Healthcare Ltdsilver Nano Particles	1
Astra IDL Maxrosuvastatin	1
Uniza Healthcare Llpvildagliptin	1
L-methyltetrahydrofolate Calcium	1
Pithy Healthcare Llpglimepiride	1
Enmetazobactam	1
Cadsol Life Sciences Llpaspirin	1
S Pharmaazithromycin	1
Carmustine	1
Macnalty Pharmaceuticals	1
Lifitegrast	1
Onella Lifesciences Llpglimepiride	1
Limitedibandronic Acid	1
Apraclonidine	1
Medmom Pharmaceuticals Llpmethylcobalamin	1
Selag Biologicals Llpaceclofenac	1
Indoscot Healthcare Llpdiclofenac	1
Biocrross Chem Llpammonium Chloride	1
Healthserch Pharma Llppiperacillin	1
Collagen	1
Curcumin	1
Limitedtofacitinib	1
Ardeparin	1
Limitedtranexamic Acid	1
Telbivudine	1
Grivety Lifecare Llpnitrofurantoin	1
Liver Extract	1
Bennet Mypher Pharmaceuticals Llpcinnarizine	1
Pertactin	1
Overseasmetronidazole	1
Limitedprasugrel	1
Ai Health Care Llpesomeprazole	1
Starmed Biotechursodeoxycholic Acid	1
Nirvonix Healthcare Llpetizolam	1
Indoscot Healthcare Llpsildenafil	1
Livia Healthcare Llpazithromycin	1
Tiropramide	1
Wisteria Healthcare Llppregabalin	1
Ai Health Care Llprabeprazole	1
Indoscot Healthcare Llpterbinafine	1
Medicaid Labs Llpmetformin	1
Secukinumab	1
Limitedluliconazole	1
Harteether	1
Sigmarise Lifesciences Llpursodeoxycholic Acid	1
Remedise Pharma Llpmontelukast	1
Valentina Pharma Llpdomperidone	1
Healthserch Pharma Llpdeflazacort	1
Monopack Solutions Llptadalafil	1
Llpcefoperazone	1
Overseasterbinafine	1
Medmom Pharmaceuticals Llpamikacin	1
Additus Medi-healthcare Llprosuvastatin	1
Peppermint Powder	1
Pharma-medico	1
Aush Pharma Llpdiclofenac	1
Shripati Medicare Llplornoxicam	1
Wellbe Pharmaceuticals Llpdomperidone	1
Tetracaine	1
Medieos Lifesciences Llptofacitinib	1
Biozoc Incchlorzoxazone	1
Overseasarteether	1
Crimson Pharmaceuticals Llpglimepiride	1
Astra IDL Maxlevocetirizine	1
Mdpldomperidone	1
Skanttr Lifescience Llplevocetirizine	1
Medmom Pharmaceuticals Llpdicyclomine	1
Aarcin Pharmaceutical Llppiperacillin	1
Manas Pharma Mfgtolperisone	1
Aush Pharma Llpamoxycillin	1
Medmom Pharmaceuticals Llpmometasone	1
Bplbeclometasone	1
Acmedix Pharma Llpvildagliptin	1
Vonartes Pharmaceutical Llpsitagliptin	1
Careability Healthcare Llpsodium Hyaluronate	1
Auxilium Medicare Life Science Llpclindamycin	1
Lactobacillus Salivarius	1
Lactobacillus Brevis	1
Medicaid Labs Llphydrochlorothiazide	1
Insulin Detemir	1
Kainosis Pharmaceuticalschlorpheniramine Maleate	1
Durosine Pharmaceuticals Llpaspirin	1
Hegde And Hegde Pharmaceutica Llpfusidic Acid	1
Ibutilide	1
Overseasondansetron	1
Medmom Pharmaceuticals Llpglibenclamide	1
Tabs Lab Healthcare Llpambroxol	1
Biocrross Chem Llpphenylephrine	1
Llpartesunate	1
Med Revive Biotec Llpdiclofenac	1
Limitednimodipine	1
Hegde And Hegde Pharmaceutica Llppantoprazole	1
Recombinant Human Growth Hormone	1
Pharmaceuticals Private Limitedbrimonidine	1
Serotonin Pharmaceuticals Llppantoprazole	1
Astra IDL Maximipenem	1
Calcium Hypophosphite	1
Biocrross Chem Llpofloxacin	1
Benralizumab	1
Synaptrics Lifesciences Llplevetiracetam	1
Golgi Usa Research Laboratories Llprosuvastatin	1
Fenesta Healthcare Llpthiocolchicoside	1
Healnwell Pharmaceutical Llpdomperidone	1
Alexis Lifesciences Llpclobetasol	1
Biocrross Chem Llplevocetirizine	1
Ultimedixdomperidone	1
Limitedprocyclidine	1
Manas Pharma Mfgdisulfiram	1
Heal-thy Self Pharmaceuticals Llpcitric Acid	1
Renwick Health Care Llppantoprazole	1
Indoscot Healthcare Llppregabalin	1
Fenesta Healthcare Llplevocetirizine	1
Genralluliconazole	1
Mepacrine	1
Bennet Mypher Pharmaceuticals Llpdesloratadine	1
Kainosis Pharmaceuticalsnandrolone Decanoate	1
Heal-thy Self Pharmaceuticals Llplevosalbutamol	1
Limiteddiclofenac Diethylamine	1
Dabrafenib	1
J M Pharma PVT Ltdclonazepam	1
Denna Healthcare Llppantoprazole	1
Curatas Pharmaceuticals Llprosuvastatin	1
Uniza Healthcare Llpsodium Chloride	1
Hegde And Hegde Pharmaceutica Llphydroxyzine	1
Flumethrin	1
S Pharmaphenylephrine	1
Stelios Pharmaceuticals Llpbromelain	1
Limitedelemental Iron	1
SRK Puremed Llpparacetamol	1
Labs Limiteddiclofenac	1
Cetalkonium Chloride	1
Healthcare Llpdomperidone	1
Graciera Pharmacetuicals Llplevocetirizine	1
Phosphorus	1
Overseasisoniazid	1
Bennet Mypher Pharmaceuticals Llpchlorpheniramine Maleate	1
Aster Zenith Bioscience Llppiperacillin	1
Vonartes Pharmaceutical Llpgabapentin	1
Amerigen Lifesciences Llpluliconazole	1
Plusplus Lifesciences Llpamoxycillin	1
Thiamine Nitrate	1
Mustcure Healthcare Llpcalcitriol	1
Llpchlorzoxazone	1
Zuclopenthixol	1
Medmom Pharmaceuticals Llppiperacillin	1
Cellbond Exim	1
Proindia Organics Llpaceclofenac	1
Uniza Healthcare Llpestradiol	1
Spranza Vita Pharmaceutical Llpsodium Picosulfate	1
Maraviroc	1
Medmom Pharmaceuticals Llpmefenamic Acid	1
Codergocrine Mesylate	1
Albuterol	1
Potassium Glycerophosphate	1
Medmom Pharmaceuticals Llpterbinafine	1
Sunrise Pharmaceuticallevocetirizine	1
Glial Life Science Llpquetiapine	1
Zulesma Llpalpha-galactosidase	1
Bennet Mypher Pharmaceuticals Llpcolistin Sulphate	1
Medicaid Labs Llppregabalin	1
Overseaslisinopril	1
Ampure Pharmaceutical Llpmefenamic Acid	1
Valentina Pharma Llpdisodium Hydrogen Citrate	1
Doxapram	1
Medmom Pharmaceuticals Llplactulose	1
Best Biotechsilver Nano Particles	1
Medieos Lifesciences Llpletrozole	1
Overseasrifampicin	1
Overseasdiphenhydramine	1
Ozagrel	1
Spranza Vita Pharmaceutical Llpcarboxymethylcellulose	1
Starmed Biotechpantoprazole	1
Zulesma Llpcefpodoxime Proxetil	1
Medieos Lifesciences Llpnicorandil	1
Halothane	1
Limitednaproxen	1
Currant Life Science Llpdomperidone	1
Limitedorlistat	1
Piribedil	1
Uniza Healthcare Llpl-methyl Folate	1
SRK Puremed Llpluliconazole	1
Overseaslevosalbutamol	1
Limbson Pharmaceuticals Llpchlorzoxazone	1
Aara Life Sciences	1
Overseaschlorhexidine Gluconate	1
Tabs Lab Healthcare Llpbeta Carotene	1
Labs Limitedteneligliptin	1
Biocrross Chem Llppantoprazole	1
Astro Biogenics Llpparacetamol	1
Biocrross Chem Llplevosalbutamol	1
Tetanus Immunoglobulin	1
Healthserch Pharma Llpdicyclomine	1
Alpha-galactosidase	1
Sightcare Pharma Llpmoxifloxacin	1
Ultimedixamoxycillin	1
Limbson Pharmaceuticals Llpamikacin	1
Spranza Vita Pharmaceutical Llpamoxycillin	1
Limitedaztreonam	1
Overseaslorazepam	1
Etifoxine	1
Mustcure Healthcare Llpchlorzoxazone	1
Biozoc Incdiacerein	1
J M Bioceuticalspregabalin	1
Bennet Mypher Pharmaceuticals Llptrypsin	1
Biozoc Incazithromycin	1
Dalfampridine	1
Medicaid Labs Llpmetoprolol Succinate	1
Acmedix Pharma Llpvoglibose	1
Bennet Mypher Pharmaceuticals Llpmagaldrate	1
Advent Life Sciences Llpofloxacin	1
Biozoc Incursodeoxycholic Acid	1
Kainosis Pharmaceuticalspantoprazole	1
Monopack Solutions Llpdomperidone	1
Sodium Phosphate	1
SRK Puremed Llpcetirizine	1
Heal India Pharmaceuticals Llptelmisartan	1
Physiment Pharmaceutical Llppregabalin	1
SRK Puremed Llpcetrimide	1
Medmom Pharmaceuticals Llptigecycline	1
Curigen Pharmaceuticals Llpamoxycillin	1
L-leucine	1
L-valine	1
Gastroprokinetics Plain	1
Pramoxine	1
Hetero Drugs Ltdsilver Nano Particles	1
Llptramadol	1
Ambroza Lifecare Llprosuvastatin	1
Aarcin Pharmaceutical Llplevofloxacin	1
Trastuzumab Deruxtecan	1
Spranza Vita Pharmaceutical Llpisoxsuprine	1
Uniza Healthcare Llpclindamycin	1
Fenesta Healthcare Llpambroxol	1
Limiteds-adenosyl L-methoinine Disulfate Tosylate	1
Mucopolysaccharide Polysulfate	1
Liposomal Dithranol	1
Ambroza Lifecare Llpfenofibrate	1
Biocrross Chem Llpglimepiride	1
Alister Life Sciences Llpdiclofenac	1
Pharmaceuticals Private Limitedfluorometholone	1
Siridisodium Hydrogen Citrate	1
Fosfestrol	1
Diflorasone Diacetate	1
Limitedterlipressin	1
Astra IDL Maxofloxacin	1
Euphoria Life Sciences Llplevocetirizine	1
Amerigen Lifesciences Llpbilastine	1
Additus Medi-healthcare Llpcilnidipine	1
Hegde And Hegde Pharmaceutica Llpeberconazole	1
Bplbetamethasone	1
Amerigen Lifesciences Llpitraconazole	1
Rajat Care Llpofloxacin	1
Fenesta Healthcare Llpaceclofenac	1
Rubra Pharmaceuticals Ltdcharcoal	1
Rajat Care Llpmetoprolol Tartrate	1
Selag Biologicals Llpdoxylamine	1
Limitedgliclazide	1
Tvam Healthcare	1
Alister Life Sciences Llpmometasone	1
Pharmazeal Healthcare Llpdomperidone	1
Bennet Mypher Pharmaceuticals Llptranexamic Acid	1
Zulesma Llppiperacillin	1
Tegoprazan	1
Amerigen Lifesciences Llpivermectin	1
Gardenia Cosmotrade Llpetoricoxib	1
J M Pharma PVT Ltdcefuroxime	1
Fenesta Healthcare Llpdiclofenac	1
Sulbutiamine	1
Biozoc Inclevosulpiride	1
Rajat Care Llpazithromycin	1
Sanivo Biotec Private Limitedpregabalin	1
Pharmaceuticals Private Limitedcarboxymethylcellulose	1
Estradiol Valerate	1
Labs Limitedivabradine	1
Renwick Health Care Llpondansetron	1
Zulesma Llpterbutaline	1
Limitedadapalene	1
Caris Labs Llpnitazoxanide	1
Overseasetoricoxib	1
Matrix Cellular	1
Services Limitedlevosalbutamol	1
Spranza Vita Pharmaceutical Llpthyroxine	1
Labs Limitedfluoxetine	1
Amerigen Lifesciences Llpaceclofenac	1
Pro Healthcare Llpdomperidone	1
Zulesma Llplevosulpiride	1
Dellwich Healthcare Llplevetiracetam	1
Argatroban	1
Pharmaceuticals Private Limitedofloxacin	1
Limitedmometasone	1
Dellwich Healthcare Llpfluphenazine	1
SRK Puremed Llplevocetirizine	1
Amerigen Lifesciences Llppantoprazole	1
Solacium Lifesciences Llplacosamide	1
Spranza Vita Pharmaceutical Llpbenzocaine	1
Medmom Pharmaceuticals Llpamorolfine	1
Limbson Pharmaceuticals Llptrypsin	1
Limitedarteether	1
Dellwich Healthcare Llpamitriptyline	1
Triamcinolone Hexacetonide	1
Uniza Healthcare Llpdomperidone	1
Cimetropium Bromide	1
Dried Yeast	1
Medieos Lifesciences Llpdabigatran Etexilate	1
Ambroza Lifecare Llpofloxacin	1
Euphoria Life Sciences Llppregabalin	1
Lembos Pharmaceuticals Llpketoconazole	1
Overseasbenzocaine	1
Alkrut Pharmaceuticals Llplevocetirizine	1
Medmom Pharmaceuticals Llpdoxycycline	1
Milarch Pharmacy	1
Deferoxamine	1
Grivety Lifecare Llptramadol	1
Limbson Pharmaceuticals Llpphenylephrine	1
Alister Life Sciences Llpchlorhexidine Gluconate	1
Skanttr Lifescience Llpcefixime	1
Kainosis Pharmaceuticalssucralfate	1
Remington Life Sciences Llppantoprazole	1
Ritam Healthcare Llpcetrimide	1
Anzecure Pharmaceuticals Llpamisulpride	1
Healthserch Pharma Llpartesunate	1
Mycobacterium W	1
Overseasmifepristone	1
Overseasloperamide	1
Bennet Mypher Pharmaceuticals Llppiroxicam	1
Biosoft Lifesciences	1
Vinnana Care Llpparacetamol	1
Ultimedixceftazidime	1
Recombinant Human Luteinizing Hormone	1
Indoscot Healthcare Llpglimepiride	1
Glial Life Science Llpgabapentin	1
Biocrross Chem Llpambroxol	1
Amerigen Lifesciences Llpamoxycillin	1
Limitedesomeprazole	1
Mustcure Healthcare Llpdrotaverine	1
Aarcin Pharmaceutical Llpofloxacin	1
Accuris Healthcare Llpglimepiride	1
Pharmazeal Healthcare Llpamlodipine	1
Meridian Healthcare Services	1
Optiderma Skincare Llpluliconazole	1
Iopromide	1
Erringen Healthcare Llpaceclofenac	1
Mustcure Healthcare Llplinezolid	1
Chloroform	1
Stelios Pharmaceuticals Llpondansetron	1
Uniza Healthcare Llpferrous Ascorbate	1
Aarcin Pharmaceutical Llpfluconazole	1
Healthserch Pharma Llpcefuroxime	1
Arki Pharmaceuticals Llpolanzapine	1
Medmom Pharmaceuticals Llpcefoperazone	1
Acmedix Pharma Llpcalcitriol	1
Livia Healthcare Llplevocetirizine	1
Genpharma	1
Nivian Pharma Llpmenotrophin	1
Trifarotene	1
Uniza Healthcare Llpfusidic Acid	1
Sigmarise Lifesciences Llpferrous Ascorbate	1
Cinnamon Oil	1
Caraway Oil	1
Cardamom Oil	1
Acmedix Pharma Llpclonazepam	1
Hlosartan	1
Deus Biotech Llplevocetirizine	1
Uniza Healthcare Llpdiclofenac Diethylamine	1
Kainosis Pharmaceuticalsmagaldrate	1
Ampure Pharmaceutical Llpcilnidipine	1
Golimumab	1
Carexia Healthcare Llpprogesterone	1
Ampure Pharmaceutical Llpazithromycin	1
Limitedminoxidil	1
Strodes Remedies Llptramadol	1
Mustcure Healthcare Llpdiclofenac	1
Medicaid Labs Llpetoricoxib	1
Freed Pharma Llprifaximin	1
Indoscot Healthcare Llpetoricoxib	1
Graciera Pharmaceuticals Llprabeprazole	1
Durosine Pharmaceuticals Llpmethylcobalamin	1
Stelios Pharmaceuticals Llplevocetirizine	1
Invert Sugar	1
Panitumumab	1
Zulesma Llpcefuroxime	1
Kainosis Pharmaceuticalscefpodoxime Proxetil	1
Rajat Care Llpcefuroxime	1
Aarcin Pharmaceutical Llpluliconazole	1
Indoscot Healthcare Llplevocetirizine	1
Labs Limitedparoxetine	1
Limitedammonium Chloride	1
Medieos Lifesciences Llpmetformin	1
Trastuzumab Emtansine	1
Hydroflumethiazide	1
Durosine Pharmaceuticals Llpnitroglycerin	1
Shree Hari Parenteral Llpcefpodoxime Proxetil	1
Lanolin	1
Adalia Pharmaceuticals Llpglimepiride	1
U Lifesciences Llpaspirin	1
Biocrross Chem Llpmethylprednisolone	1
Limitedpotassium Citrate	1
Sonarisa Lifesciences Llppregabalin	1
Sulphonated Surfactant Blend	1
Medieos Lifesciences Llpticagrelor	1
Aush Pharma Llpteneligliptin	1
Aush Pharma Llpmetformin	1
Pharmazeal Healthcare Llppantoprazole	1
Healthserch Pharma Llpfluconazole	1
Selumetinib	1
Teqmed Pharma Llplevocetirizine	1
Biozoc Incpovidone Iodine	1
Shripati Medicare Llpduloxetine	1
Rajat Care Llpglimepiride	1
Nirvonix Healthcare Llpclonazepam	1
Lembos Pharmaceuticals Llpluliconazole	1
Pharmazeal Healthcare Llpglimepiride	1
Remedise Pharma Llplevocetirizine	1
Zulesma Llpaceclofenac	1
Biocrross Chem Llppovidone Iodine	1
Medmom Pharmaceuticals Llpomeprazole	1
Selenium Sulphide	1
Dellwich Healthcare Llpcarbamazepine	1
RMPL Pharma Llphydralazine	1
Rajat Care Llpranitidine	1
Medmom Pharmaceuticals Llppovidone Iodine	1
Cannabidiol	1
Pharmaceuticals Private Limitedfluconazole	1
Inactivated Polio Vaccine	1
Serotonin Pharmaceuticals Llpdivalproex	1
Uniza Healthcare Llpcefpodoxime Proxetil	1
Limbson Pharmaceuticals Llpondansetron	1
Arnon Healthcare Llprabeprazole	1
SRK Puremed Llpguaifenesin	1
Honolive Pharma Llpteneligliptin	1
Adi Healthcare Solutions Llpceftriaxone	1
Limitedclarithromycin	1
Vonartes Pharmaceutical Llpitraconazole	1
Mustcure Healthcare Llpetoricoxib	1
Bennet Mypher Pharmaceuticals Llpdeflazacort	1
Llpazithromycin	1
Xrliquid Paraffin	1
Twine Protega Llpaceclofenac	1
SRK Puremed Llpaceclofenac	1
Wellchem Healthcare Llpcefixime	1
Amerigen Lifesciences Llpglimepiride	1
Acmedix Pharma Llpescitalopram Oxalate	1
Ampure Pharmaceutical Llpaceclofenac	1
Bennet Mypher Pharmaceuticals Llpofloxacin	1
Becaplermin	1
Indoscot Healthcare Llpivermectin	1
Strodes Remedies Llpterbutaline	1
Carbachol	1
Hegde And Hegde Pharmaceutica Llplevofloxacin	1
Medicaid Labs Llpaspirin	1
Nivian Pharma Llpglimepiride	1
Strodes Remedies Llpcyproheptadine	1
Teclistamab	1
Nesterrepaglinide	1
Vi Capsular Polysaccharide Of Salmonella Typhi	1
Medmom Pharmaceuticals Llpparacetamol	1
Liras Pharmaceutical Llppantoprazole	1
Shree Hari Parenteral Llpdiclofenac	1
Llpdomperidone	1
Arnon Healthcare Llpdiclofenac	1
Medieos Lifesciences Llpdomperidone	1
Overseasallopurinol	1
Indoscot Healthcare Llpnaproxen	1
Curigen Pharmaceuticals Llpketoconazole	1
Nivian Pharma Llpatosiban	1
Medieos Lifesciences Llpcefixime	1
RUV Pharma Llpdomperidone	1
Tabs Lab Healthcare Llpclobetasol	1
Winista Pharmaceutical PVT Ltdaceclofenac	1
Heal India Pharmaceuticals Llpdapagliflozin	1
Limitedgentamicin	1
Nirvonix Healthcare Llppregabalin	1
Tabs Lab Healthcare Llpaceclofenac	1
Leucine	1
Limitedmoxifloxacin	1
Pet Mankind	1
Hparacetamol	1
Cadsol Life Sciences Llptelmisartan	1
Skanttr Lifescience Llpazithromycin	1
Heal-thy Self Pharmaceuticals Llpdoxylamine	1
Natalizumab	1
Overseaslinezolid	1
Spranza Vita Pharmaceutical Llpaluminium Hydroxide	1
Apomorphine	1
Dellwich Healthcare Llpphenytoin	1
Cholera Vaccine	1
Skanttr Lifescience Llpdomperidone	1
Llpondansetron	1
Solacium Lifesciences Llpatorvastatin	1
Boswellia Serrata	1
Overseasdrotaverine	1
EDG Pharmaceuticals	1
Medmom Pharmaceuticals Llpnaproxen	1
Vogue Pharmaluliconazole	1
Obinutuzumab	1
Terizidone	1
Rajat Care Llpdicyclomine	1
Health Care Llpamitriptyline	1
Shree Hari Parenteral Llpamoxycillin	1
Labs Limitedprasugrel	1
Medieos Lifesciences Llpdapagliflozin	1
Siribetamethasone	1
Starmed Biotechrabeprazole	1
Remington Life Sciences Llpparacetamol	1
Medmart Pharma Llplevosalbutamol	1
Health Care Llpivabradine	1
Biozoc Inclactulose	1
Jagrok Healthcare	1
Aush Pharma Llpdomperidone	1
Sodium Iodide	1
Aminobenzoic Acid	1
Nelarabine	1
Overseasmethylprednisolone	1
Limitedl-ornithine L-aspartate	1
Starmed Biotechmethylcobalamin	1
Medmom Pharmaceuticals Llpflupenthixol	1
Astra IDL Maxesomeprazole	1
Healthcare Llplevocetirizine	1
Dellwich Healthcare Llplevofloxacin	1
Biozoc Incsucralfate	1
Indoscot Healthcare Llpnandrolone Decanoate	1
Overseasomeprazole	1
Pethidine	1
Overseaslosartan	1
Sanlife Science Llpcilnidipine	1
Oli Pharma Llpcarboxymethylcellulose	1
Genzymehyaluronic Acid	1
Overseastriclofos	1
Calcium Aspartate	1
Bennet Mypher Pharmaceuticals Llpmefenamic Acid	1
Amodiaquine	1
Lorcaserin	1
Ashdee Health Care	1
Bennet Mypher Pharmaceuticals Llpdisodium Hydrogen Citrate	1
Promison Healthcare Llpgliclazide	1
Medmom Pharmaceuticals Llpthiocolchicoside	1
Ai Health Care Llpartemether	1
Mediwart Pharmaceuticals Llpclonazepam	1
Golden Aurum Pharmaceuticals Llppregabalin	1
Healthserch Pharma Llpdiclofenac	1
Mediwart Pharmaceuticals Llpgliclazide	1
Aarcin Pharmaceutical Llpambroxol	1
Medmom Pharmaceuticals Llpchlorzoxazone	1
Protodioscin	1
Accra Pac	1
Ultimedixlansoprazole	1
Healthserch Pharma Llpazithromycin	1
Labs Limitedoseltamivir Phosphate	1
Overseaspioglitazone	1
Ai Health Care Llpmupirocin	1
Propyl Paraben	1
Limbson Pharmaceuticals Llpofloxacin	1
Accuris Healthcare Llptelmisartan	1
Indoscot Healthcare Llplevosulpiride	1
Limitedcalcitriol	1
Dibucaine	1
Llpcarboxymethylcellulose	1
Biogenetics Health Care	1
Rajat Care Llpmolnupiravir	1
Alister Life Sciences Llpsodium Chloride	1
Acmedix Pharma Llprivaroxaban	1
Quality Care Lifesciences Llpdapagliflozin	1
Limitedimipenem	1
Uniza Healthcare Llpcefixime	1
Biocrross Chem Llptranexamic Acid	1
Mediwart Pharmaceuticals Llpmethylcobalamin	1
Physiment Pharmaceutical Llpcilnidipine	1
Sunrise Pharmaceuticalglimepiride	1
Polatuzumab	1
Nafithromycin	1
Biocrross Chem Llplevosulpiride	1
Arnon Healthcare Llppregabalin	1
Alexis Lifesciences Llphydroxyzine	1
Darolutamide	1
Acmedix Pharma Llpgliclazide	1
Overseasalbendazole	1
CIMS Pharmaceuticals Llpnicorandil	1
Biozoc Incdrotaverine	1
Fenesta Healthcare Llpmefenamic Acid	1
Amerigen Lifesciences Llpmefenamic Acid	1
Winista Pharmaceutical PVT Ltdcalcium Carbonate	1
Avallac Pharmaceutical Llpdivalproex	1
Biocrross Chem Llpnorfloxacin	1
Stelios Pharmaceuticals Llpambroxol	1
Labs Limitedramipril	1
Vinnana Care Llpnimesulide	1
Carexia Healthcare Llpdydrogesterone	1
Ichtyolammonium	1
Buphenine	1
Maxus Pharma Llppregabalin	1
Aarcin Pharmaceutical Llpterbinafine	1
Limbson Pharmaceuticals Llpnimesulide	1
Sulphur	1
Medmom Pharmaceuticals Llptriamcinolone Acetonide	1
Medmom Pharmaceuticals Llpmagaldrate	1
Overseasamikacin	1
Lipid	1
Biozoc Incdeflazacort	1
Winista Pharmaceutical PVT Ltdgabapentin	1
Freed Pharma Llprabeprazole	1
Renwick Health Care Llpaceclofenac	1
Strodes Remedies Llpetoricoxib	1
Medicaid Labs Llpesomeprazole	1
Serotonin Pharmaceuticals Llpmemantine	1
Promison Healthcare Llpdapagliflozin	1
Uniza Healthcare Llpmetoprolol Succinate	1
Virchow Biotech Pvt Ltdsilver Nano Particles	1
Winista Pharmaceutical PVT Ltddomperidone	1
Manas Pharma Mfgatorvastatin	1
Uniza Healthcare Llphydroquinone	1
Actarit	1
Hegde And Hegde Pharmaceutica Llprosuvastatin	1
Biozoc Inclevofloxacin	1
Indoscot Healthcare Llplinezolid	1
Dellwich Healthcare Llpdomperidone	1
Biocrross Chem Llpfexofenadine	1
Med Revive Biotec Llpetoricoxib	1
Carexia Healthcare Llpdomperidone	1
Synergy Vaccines Llplevocetirizine	1
Erringen Healthcare Llpbromelain	1
Liras Pharmaceutical Llpursodeoxycholic Acid	1
Prenoxdiazine	1
Teqmed Pharma Llplevosalbutamol	1
Remington Life Sciences Llprabeprazole	1
Medmom Pharmaceuticals Llpetoricoxib	1
Medmom Pharmaceuticals Llpmupirocin	1
Overseasluliconazole	1
Healthserch Pharma Llpalpha-beta Arteether	1
Inviscus Lifescience Llpteneligliptin	1
Deus Biotech Llpcefixime	1
Overseasphenylephrine	1
Vonartes Pharmaceutical Llpdiclofenac Diethylamine	1
Medmom Pharmaceuticals Llplinezolid	1
Limbson Pharmaceuticals Llpmethylprednisolone	1
Avelumab	1
Paraffin Liquid	1
Biocrross Chem Llphydrocortisone	1
Pimobendan	1
Golgi Usa Research Laboratories Llpdomperidone	1
Liras Pharmaceutical Llpfebuxostat	1
Quercetin	1
Biocrross Chem Llpetoricoxib	1
Limitedprazosin	1
Manas Pharma Mfgtramadol	1
Wahine Remedies Llpcalcium Carbonate	1
Nimotuzumab	1
Benzthiazide	1
J M Pharma PVT Ltdursodeoxycholic Acid	1
U Lifesciences Llppregabalin	1
Remington Life Sciences Llpdomperidone	1
Ai Health Care Llpdiclofenac	1
Llpnicorandil	1
Limbson Pharmaceuticals Llpcetirizine	1
Limitedolanzapine	1
Med Revive Biotec Llppregabalin	1
Twine Protega Llppantoprazole	1
Skinnovate Therapeutics Llptranexamic Acid	1
Graciera Pharmacetuicals Llpluliconazole	1
Limitedpermethrin	1
Qmentis Pharma Solutions Llplevosulpiride	1
Heal India Pharmaceuticals Llprosuvastatin	1
Halquinol	1
Alister Life Sciences Llpcetrimide	1
Uniza Healthcare Llpl-carnitine L-tartrate	1
Indoscot Healthcare Llpamoxycillin	1
CIMS Pharmaceuticals Llpclonazepam	1
Physiment Pharmaceutical Llpdapagliflozin	1
Rains Healthcare Llpclonidine	1
Medicaid Labs Llprabeprazole	1
Kainosis Pharmaceuticalshydroquinone	1
Pipecuronium Bromide	1
Adapting Electrolyte Solutions	1
Tetrahydrozoline	1
Hsucralfate	1
Remington Life Sciences Llpchlorpheniramine Maleate	1
Stelios Pharmaceuticals Llpaceclofenac	1
Medicaid Labs Llpbetahistine	1
Medmom Pharmaceuticals Llpampicillin	1
Curenus Pharma Llpticagrelor	1
Fexuprazan	1
Uniza Healthcare Llpmifepristone	1
Indoscot Healthcare Llpamikacin	1
Holied Pharma Llpcarboxymethylcellulose	1
Physiment Pharmaceutical Llpdomperidone	1
Limbson Pharmaceuticals Llpfluconazole	1
Vaccine	1
Bennet Mypher Pharmaceuticals Llprabeprazole	1
Medicaid Labs Llpetizolam	1
Ado-trastuzumab Emtansine	1
Medicaid Labs Llppantoprazole	1
Limitedoxetacaine	1
Dellwich Healthcare Llplevosulpiride	1
TWB Lifesciences	1
Spranza Vita Pharmaceutical Llpambroxol	1
SRK Puremed Llpdomperidone	1
Wisteria Healthcare Llpalendronic Acid	1
Healthserch Pharma Llpmethylcobalamin	1
Ai Health Care Llpcefixime	1
Mac Health Care	1
Currant Life Science Llpnaproxen	1
Honolive Pharma Llprosuvastatin	1
SRK Puremed Llpesomeprazole	1
Limitedduloxetine	1
Golden Aurum Pharmaceuticals Llpamisulpride	1
Starmed Biotechdomperidone	1
Carexia Healthcare Llppantoprazole	1
Fenesta Healthcare Llpdapagliflozin	1
Ai Health Care Llppiperacillin	1
Limitedbenidipine	1
Euphoria Life Sciences Llpdomperidone	1
Phenolphthalein	1
Overseasxylometazoline	1
Pharmaceuticals Private Limitedloteprednol Etabonate	1
Biocrross Chem Llpmethylcobalamin	1
Indoscot Healthcare Llpazithromycin	1
Etonogestrel	1
Acmedix Pharma Llpfenofibrate	1
Medmart Pharma Llpthiocolchicoside	1
CIMS Pharmaceuticals Llpferrous Ascorbate	1
Biozoc Inchydroquinone	1
Bennet Mypher Pharmaceuticals Llplevofloxacin	1
Alister Life Sciences Llpurea	1
Limbson Pharmaceuticals Llplevocetirizine	1
Renwick Health Care Llpl-arginine	1
Ai Health Care Llpcefuroxime	1
Graciera Pharmacetuicals Llpcefixime	1
Xrdomperidone	1
Llpnorfloxacin	1
Limiteddabigatran Etexilate	1
Limitedleflunomide	1
Human Antitetanus Immunoglobulin	1
Ai Health Care Llptobramycin	1
Penicillin	1
Overseastranexamic Acid	1
CIMS Pharmaceuticals Llplevocetirizine	1
Bplibuprofen	1
Mediwart Pharmaceuticals Llpdomperidone	1
Zeaxanthin	1
Overseashydroquinone	1
CIMS Pharmaceuticals Llppiperacillin	1
Llpammonium Chloride	1
Embramine	1
Manas Pharma Mfgcarbamazepine	1
Healthcare Llpesomeprazole	1
Skanttr Lifescience Llpamoxycillin	1
Nivian Pharma Llpsildenafil	1
Midostaurin	1
Enalaprilat	1
Heal India Pharmaceuticals Llppantoprazole	1
Low Dextrans	1
Alemtuzumab	1
RUV Pharma Llplevocetirizine	1
Curenus Pharma Llpivabradine	1
Vonartes Pharmaceutical Llpluliconazole	1
Magnomed Pharmaceuticals Llpmetformin	1
Serenoa Repens	1
Indoscot Healthcare Llpcefuroxime	1
Overseasampicillin	1
Ixabepilone	1
Limitedchlorpheniramine Maleate	1
Kainosis Pharmaceuticalsetoricoxib	1
Acmedix Pharma Llpivabradine	1
RUV Pharma Llpphenylephrine	1
Spranza Vita Pharmaceutical Llpfluconazole	1
SRK Puremed Llpmetformin	1
Almagate	1
Limitednitrofurantoin	1
Ultimedixmethylcobalamin	1
Mustcure Healthcare Llpbeta Carotene	1
Zeaton Lifesciences Llpdomperidone	1
Arnon Healthcare Llpdomperidone	1
Healthcareazithromycin	1
Medmom Pharmaceuticals Llpfebuxostat	1
Denvis Life Sciences Llpaceclofenac	1
Limitedpolymyxin B	1
Derma Remedies Pharmaceuticals Llpfexofenadine	1
Mustcure Healthcare Llpursodeoxycholic Acid	1
Wisteria Healthcare Llpdiclofenac	1
Rains Healthcare Llpfebuxostat	1
Erringen Healthcare Llppregabalin	1
Linest Pharma Llpdomperidone	1
Limbson Pharmaceuticals Llppregabalin	1
Docaravimab	1
Miromavimab	1
Wisteria Healthcare Llpdomperidone	1
Adi Healthcare Solutions Llpmeropenem	1
Alister Life Sciences Llpliquid Paraffin	1
RV Lifesciences Limitedsulfamethoxazole	1
Labs Limitedmetformin	1
SRK Puremed Llprabeprazole	1
Grivety Lifecare Llpdisodium Hydrogen Citrate	1
Starmed Biotecholanzapine	1
Biozoc Incbromhexine	1
Llpmontelukast	1
Curenus Pharma Llpglimepiride	1
Ai Health Care Llptrypsin	1
Bpltrypsin Chymotrypsin	1
Selag Biologicals Llpdomperidone	1
De-cross Labs	1
RMPL Pharma Llptamoxifen	1
Acmedix Pharma Llpteneligliptin	1
Auxilium Medicare Life Science Llpdomperidone	1
Delon Lifescience Llpdomperidone	1
Rains Healthcare Llpatorvastatin	1
Limbson Pharmaceuticals Llplinezolid	1
SRK Puremed Llplevosalbutamol	1
Kainosis Pharmaceuticalslevosulpiride	1
SRK Puremed Llpclobetasol	1
Twine Protega Llplevocetirizine	1
Medmom Pharmaceuticals Llprosuvastatin	1
Exizen Lifesciences Llpdesvenlafaxine	1
Stelios Pharmaceuticals Llprabeprazole	1
Linest Pharma Llpambroxol	1
Erenumab	1
Curigen Pharmaceuticals Llpcaffeine	1
Acmedix Pharma Llpcilnidipine	1
Onamoy Healthcare Llpacebrophylline	1
Permethrin Topical	1
Sodium Dihydrogen Phosphate Dihydrate	1
Life Gem Medi Health Care	1
Cladribine	1
Acmedix Pharma Llplevetiracetam	1
Gilteritinib	1
Sigmarise Lifesciences Llpethinyl Estradiol	1
Indoscot Healthcare Llpdrotaverine	1
Overseascarbamazepine	1
Nikvin Healthcare	1
Medmom Pharmaceuticals Llppermethrin	1
Golden Aurum Pharmaceuticals Llppiracetam	1
Cadsol Life Sciences Llpdapagliflozin	1
Uniza Healthcare Llppantoprazole	1
Skinnovate Therapeutics Llptriclosan	1
Aush Pharma Llplevocetirizine	1
Overseasescitalopram Oxalate	1
Biocrross Chem Llpdoxycycline	1
Overseascefotaxime	1
Grivety Lifecare Llpmethylcobalamin	1
Llppregabalin	1
Medmom Pharmaceuticals Llpursodeoxycholic Acid	1
Skanttr Lifescience Llpaceclofenac	1
Spranza Vita Pharmaceutical Llplevosulpiride	1
Eucalyptus Oil	1
Vinblastine	1
Labs Limitedluliconazole	1
RMPL Pharma Llpcyclophosphamide	1
Hamoxycillin	1
SRK Puremed Llpbeclometasone	1
Strodes Remedies Llpnortriptyline	1
Vitemed Healthcare	1
Golgi Usa Research Laboratories Llpglimepiride	1
Labs Limitedmupirocin	1
Ambroza Lifecare Llpaceclofenac	1
Biocrross Chem Llpchlorzoxazone	1
Overseascefixime	1
Benzoxonium Chloride	1
Overseaslevofloxacin	1
Zulesma Llpcefoperazone	1
Healthserch Pharma Llpketoconazole	1
Overseasamlodipine	1
Serotonin Pharmaceuticals Llpolanzapine	1
Vonartes Pharmaceutical Llplevocetirizine	1
Medmom Pharmaceuticals Llpmetronidazole	1
Overseassucralfate	1
Pharmaceuticals Private Limitedolopatadine	1
Netupitant	1
Sharma Orthopedic	1
Iron Hydroxide Polymaltose	1
Limitedtadalafil	1
Medicaid Labs Llpfenofibrate	1
Mediwart Pharmaceuticals Llptrypsin	1
Maxus Pharma Llpglimepiride	1
Spranza Vita Pharmaceutical Llpartesunate	1
Onamoy Healthcare Llppancreatin	1
U Lifesciences Llpsitagliptin	1
Dawakhana Pharma Llpaceclofenac	1
Mustcure Healthcare Llpdisodium Hydrogen Citrate	1
Healthserch Pharma Llpsodium Chloride	1
Ai Health Care Llpcefpodoxime Proxetil	1
Medmom Pharmaceuticals Llphydroquinone	1
Labs Limitedamlodipine	1
Advent Life Sciences Llpcefuroxime	1
Limitedropinirole	1
Limbson Pharmaceuticals Llpdicyclomine	1
SRK Puremed Llpmupirocin	1
Spranza Vita Pharmaceutical Llpmefenamic Acid	1
Mustcure Healthcare Llpcefixime	1
Amineptine	1
Remedise Pharma Llpdeflazacort	1
Overseaslansoprazole	1
Limitedglutathione	1
Llpphenylephrine	1
Manas Pharma Mfgsodium Valproate	1
Astra IDL Maxcetrimide	1
Overseasgabapentin	1
Spranza Vita Pharmaceutical Llpcyproheptadine	1
Overseascefepime	1
Crizanlizumab	1
Alister Life Sciences Llpclobetasol	1
Kainosis Pharmaceuticalsrabeprazole	1
Biocrross Chem Llpazithromycin	1
Kainosis Pharmaceuticalsmefenamic Acid	1
Astra IDL Maxglimepiride	1
Overseassparfloxacin	1
Hcholine	1
Medieos Lifesciences Llplevocetirizine	1
Aviptadil	1
Oli Pharma Llphydroxypropylmethylcellulose	1
Biomedicare	1
Macway Biotech Pvt Ltdsilver Nano Particles	1
Healthserch Pharma Llplevofloxacin	1
SRK Puremed Llpdicyclomine	1
Basiliximab	1
Zulesma Llpcefixime	1
Indoscot Healthcare Llpsucralfate	1
SRK Puremed Llpciprofloxacin	1
Valent	1
Stelios Pharmaceuticals Llpphenylephrine	1
SRK Puremed Llppantoprazole	1
Aflibercept	1
RUV Pharma Llplevosalbutamol	1
Overseasdesloratadine	1
Indocyanine Green	1
Overseastramadol	1
Vinnana Care Llplevosulpiride	1
Astro Biogenics Llplevocetirizine	1
Ai Health Care Llpparacetamol	1
Shree Hari Parenteral Llpdomperidone	1
Aster Zenith Bioscience Llpofloxacin	1
RUV Pharma Llpaceclofenac	1
Serotonin Pharmaceuticals Llpramipril	1
Uniza Healthcare Llpsalmeterol	1
Medmart Pharma Llplinezolid	1
Kainosis Pharmaceuticalsphenylephrine	1
Medrix Labs PVT Ltdursodeoxycholic Acid	1
Healthserch Pharma Llpmagaldrate	1
Zorg Life Sciences	1
Limitedlevosalbutamol	1
Butyl Alcohol	1
Optiderma Skincare Llpterbinafine	1
Tedizolid Phosphate	1
Medmom Pharmaceuticals Llpvoglibose	1
Limitedindomethacin	1
Green Tea Extract	1
Ginseng Extract	1
Tadalafil IP	1
SRK Puremed Llpchlorpheniramine Maleate	1
Serotonin Pharmaceuticals Llpflupenthixol	1
Healthcarephenylephrine	1
Medmom Pharmaceuticals Llplevosalbutamol	1
Labs Limitednitroglycerin	1
Sodium Acid Phosphate	1
Ampure Pharmaceutical Llpdapagliflozin	1
Gadopentetic Acid	1
Health Care Llpaspirin	1
Limbson Pharmaceuticals Llpsildenafil	1
Healthserch Pharma Llpiron Sucrose	1
Hegde And Hegde Pharmaceutica Llpfluconazole	1
Overseaslidocaine	1
Healthcarecefixime	1
Uniza Healthcare Llpacetylcysteine	1
Teqmed Pharma Llpphenylephrine	1
Curigen Pharmaceuticals Llpmefenamic Acid	1
Biozoc Incparacetamol	1
Amerigen Lifesciences Llpmethylcobalamin	1
Vonartes Pharmaceutical Llpdiclofenac	1
Fortis Therapeutics Llpursodeoxycholic Acid	1
Spranza Vita Pharmaceutical Llpphenylephrine	1
Ship Me Medicine Llpaceclofenac	1
Ai Health Care Llpphenylephrine	1
Fish Oil	1
Ai Health Care Llpdicyclomine	1
Limbson Pharmaceuticals Llpterbinafine	1
Limitedcalcium Dobesilate	1
Methionine	1
Avallac Pharmaceutical Llpflupenthixol	1
Mustcure Healthcare Llplevocetirizine	1
Meningococcal	1
Polysaccharide Vaccine	1
Lactose	1
Indoscot Healthcare Llpcyproheptadine	1
Medmom Pharmaceuticals Llpramipril	1
Healthserch Pharma Llpgabapentin	1
Limitedbeclometasone	1
Teqmed Pharma Llpketoconazole	1
Ai Health Care Llpceftriaxone	1
Shree Hari Parenteral Llpnimesulide	1
Ai Health Care Llpmetformin	1
Limitedomeprazole	1
Tetrachlorodecaoxygen Anion	1
Labs Limitednimesulide	1
Certoparin	1
Pharmazeal Healthcare Llpcalcium Carbonate	1
Pharmazeal Healthcare Llpmetoprolol Succinate	1
Medmart Pharma Llpetoricoxib	1
Hbromhexine	1
Uniza Healthcare Llpamoxycillin	1
Medicaid Labs Llpteneligliptin	1
Dexamethasone Intravitreal Implant	1
Aster Zenith Bioscience Llpceftriaxone	1
Wisteria Healthcare Llpaceclofenac	1
Medmom Pharmaceuticals Llpterlipressin	1
Medmom Pharmaceuticals Llpitraconazole	1
Labs Limitedacotiamide	1
Remington Life Sciences Llppioglitazone	1
Medmom Pharmaceuticals Llprifaximin	1
Dronedarone	1
Clofarabine	1
Antithymocyte Immunoglobulins	1
Spranza Vita Pharmaceutical Llpcefpodoxime Proxetil	1
Matrubhumi Chemical	1
Durosine Pharmaceuticals Llpivabradine	1
Sightcare Pharma Llpcarboxymethylcellulose	1
Nitric Oxide	1
Golgi Usa Research Laboratories Llphydrochlorothiazide	1
Limitedclidinium	1
Pharmaceuticals Private Limitedketorolac	1
Medmom Pharmaceuticals Llplevofloxacin	1
Linoleic Acid	1
Proindia Organics Llpmontelukast	1
Astra IDL Maxtramadol	1
SRK Puremed Llpcilnidipine	1
Limbson Pharmaceuticals Llplevofloxacin	1
Isoflavone	1
Indoscot Healthcare Llptrypsin Chymotrypsin	1
Healthcare Llpaceclofenac	1
Sigmarise Lifesciences Llprosuvastatin	1
Limitedticarcillin	1
Curigen Pharmaceuticals Llpsodium Chloride	1
I-gale Laboratories Llpaceclofenac	1
Llpmethylprednisolone	1
Uniza Healthcare Llpclobetasol	1
Choline Dihydrogen Citrate	1
Durosine Pharmaceuticals Llptelmisartan	1
Vibhu Healthcare Llpketoconazole	1
Marine Triglycerides	1
Euphoria Life Sciences Llppantoprazole	1
Indoscot Healthcare Llpchlorzoxazone	1
Overseasguaifenesin	1
Wisteria Healthcare Llpcefuroxime	1
Caris Labs Llptelmisartan	1
Zeaton Lifesciences Llpdiclofenac	1
Labs Limitedlabetalol	1
Mediwart Pharmaceuticals Llpdrotaverine	1
Heal-thy Self Pharmaceuticals Llpletrozole	1
Accuris Healthcare Llpaspirin	1
Pharmazeal Healthcare Llpmethylcobalamin	1
Uniza Healthcare Llpnorethisterone	1
Aarcin Pharmaceutical Llpparacetamol	1
Synamed Pharmaceuticals	1
Propafenone	1
Bacillus Calmette-guerin Strain	1
Ofatumumab	1
Oli Pharma Llpolopatadine	1
Pharmaceuticals Private Limitednepafenac	1
Ambroza Lifecare Llpglimepiride	1
Amerigen Lifesciences Llpdiclofenac	1
Grivety Lifecare Llpaceclofenac	1
Sigmarise Lifesciences Llpprogesterone	1
Limitedcefepime	1
Twine Protega Llpphenylephrine	1
Hgabapentin	1
Rains Healthcare Llptelmisartan	1
RSM Multilink Llptadalafil	1
Tabs Lab Healthcare Llpamoxycillin	1
Astro Biogenics Llpdomperidone	1
Healthcarechlorpheniramine Maleate	1
Heal-thy Self Pharmaceuticals Llpofloxacin	1
Light Mineral Oil	1
White Mineral Oil	1
Arnon Healthcare Llppantoprazole	1
Amerigen Lifesciences Llpazithromycin	1
Miraqual Remedies Llphydroxyprogesterone	1
Tranylcypromine	1
Ramelteon	1
Limiteddesvenlafaxine	1
Ambroza Lifecare Llprabeprazole	1
Spranza Vita Pharmaceutical Llpbetahistine	1
Uniza Healthcare Llpfenofibrate	1
Pro Healthcare Llpaceclofenac	1
Human Hepatitis B Immunoglobulin	1
Hdicyclomine	1
Binola Pharma Llpamoxycillin	1
Mustcure Healthcare Llpitraconazole	1
Ai Health Care Llpamikacin	1
Overseaschlordiazepoxide	1
Healthcareofloxacin	1
Llprabeprazole	1
Seratrodast	1
Hlansoprazole	1
Sightcare Pharma Llpfluorometholone	1
Sightcare Pharma Llpsodium Hyaluronate	1
Nucleus Laboratories	1
Indoscot Healthcare Llpthiocolchicoside	1
Medmom Pharmaceuticals Llpnorethisterone	1
Uniza Healthcare Llpcetrimide	1
Avallac Pharmaceutical Llpsodium Valproate	1
Kainosis Pharmaceuticalsmontelukast	1
Limitedchlordiazepoxide	1
Labs Limitedhydroquinone	1
Lactobacillus Crispatus	1
Lactobacillus Gasseri	1
Lactobacillus Jensenii	1
Limitedroxithromycin	1
Arnon Healthcare Llpamoxycillin	1
Tepotinib	1
Mustcure Healthcare Llpmefenamic Acid	1
Biozoc Incnimesulide	1
Biocrross Chem Llpondansetron	1
Skinnovate Therapeutics Llpclindamycin	1
Graciera Pharmacetuicals Llpdiclofenac	1
Solutia Pharma Llpbromelain	1
Stelios Pharmaceuticals Llpcalcium Ascorbate	1
Serotonin Pharmaceuticals Llpparoxetine	1
Limitedketoconazole	1
Grivety Lifecare Llpdomperidone	1
Ribociclib	1
Biocrross Chem Llpomeprazole	1
Khandelwal Laboratories Pvt Ltdsilver Nano Particles	1
Indoscot Healthcare Llpphenylephrine	1
Mustcure Healthcare Llpceftriaxone	1
Llpivermectin	1
Durosine Pharmaceuticals Llpmetformin	1
Kainosis Pharmaceuticalslevofloxacin	1
Labs Limitedmethylcobalamin	1
Astra IDL Maxdiclofenac	1
Ai Health Care Llpprogesterone	1
Remington Life Sciences Llpmethylcobalamin	1
Uniza Healthcare Llpfluticasone Propionate	1
Aarcin Pharmaceutical Llpcyproheptadine	1
Jagsonpal Pharmaceuticals Ltdsilver Nano Particles	1
Hegde And Hegde Pharmaceutica Llpbenzoyl Peroxide	1
Medmart Pharma Llpphenylephrine	1
Emsurg Healthcare	1
Auxilium Medicare Life Science Llpboron	1
Gynaecological Products	1
Ai Health Care Llpoxetacaine	1
Llpnimesulide	1
Medmom Pharmaceuticals Llpfexofenadine	1
Binola Pharma Llpgabapentin	1
Dellwich Healthcare Llpdeflazacort	1
Skanttr Lifescience Llpdiclofenac	1
Orrin Pharma Llphydroquinone	1
Plusplus Lifesciences Llpsucralfate	1
Limitedibuprofen	1
Curigen Pharmaceuticals Llpclobetasol	1
Strodes Remedies Llpdomperidone	1
Miraqual Remedies Llpprogesterone	1
Mustcure Healthcare Llpglimepiride	1
Healthserch Pharma Llpivermectin	1
Medmom Pharmaceuticals Llpglutathione	1
Erringen Healthcare Llpmethylcobalamin	1
Supravital Pharmaceuticals Llprifaximin	1
Teqmed Pharma Llpitraconazole	1
Mecetronium	1
Hatorvastatin	1
Indoscot Healthcare Llpdicyclomine	1
Optiderma Skincare Llpdoxycycline	1
Hegde And Hegde Pharmaceutica Llpsertaconazole	1
Zeaton Lifesciences Llpamlodipine	1
Vinnana Care Llpdiclofenac Diethylamine	1
Heal-thy Self Pharmaceuticals Llpamoxycillin	1
Llpoxetacaine	1
Nirvonix Healthcare Llpdomperidone	1
Aarcin Pharmaceutical Llplevocetirizine	1
Aarcin Pharmaceutical Llpcaffeine	1
Labs Limitedsertraline	1
Zulesma Llpofloxacin	1
Currant Life Science Llpcefixime	1
Limitedfluconazole	1
Medmom Pharmaceuticals Llpgliclazide	1
Glial Life Science Llpclonazepam	1
Labs Limitedfenofibrate	1
Heal-thy Self Pharmaceuticals Llpitraconazole	1
Colfosceril Palmitate	1
Deus Biotech Llpcefpodoxime Proxetil	1
Advent Life Sciences Llptelmisartan	1
Aarcin Pharmaceutical Llpnimesulide	1
Healthserch Pharma Llplevocetirizine	1
Limitedeicosapentaenoic Acid	1
Gemigliptin	1
Aarcin Pharmaceutical Llpmagaldrate	1
Physiment Pharmaceutical Llpesomeprazole	1
Uniza Healthcare Llpclotrimazole	1
Dellwich Healthcare Llpbisacodyl	1
Sulphur Hexafluoride	1
Ambroza Lifecare Llppregabalin	1
Valent Conjugate Vaccine	1
Gpran Pharma Private Limitedbacillus Clausii	1
Nizatidine	1
Dioctyl Sodium Sulfosuccinate	1
Golgi Usa Research Laboratories Llpbromelain	1
Rajat Care Llpcefixime	1
Aarcin Pharmaceutical Llpalpha-beta Arteether	1
Overseascefuroxime	1
Biozoc Incluliconazole	1
Limitedeplerenone	1
RMPL Pharma Llplevosimendan	1
Indoscot Healthcare Llpdiclofenac Diethylamine	1
Bellafem Pharma Llptranexamic Acid	1
Rajat Care Llpphenylephrine	1
Renwick Health Care Llppregabalin	1
Providence International Labs Llpnepafenac	1
Healthserch Pharma Llpciprofloxacin	1
Limitedmiconazole	1
Fenbendazole	1
Qmentis Pharma Solutions Llpdomperidone	1
Multivitamin	1
Evolocumab	1
Wellfort Healthcare Llpgemcitabine	1
Pharmazeal Healthcare Llpaspirin	1
Limitedsodium Picosulfate	1
Dibasic Sodium Phosphate	1
Monobasic Sodium Phosphate	1
Remedise Pharma Llpmethylcobalamin	1
Biozoc Incgabapentin	1
Limitedmupirocin	1
Labs Limitedlevocetirizine	1
Serotonin Pharmaceuticals Llpdomperidone	1
Labs Limitedamitriptyline	1
Nartograstim	1
Labs Limitedritonavir	1
Indoscot Healthcare Llpmontelukast	1
MG Lifecare Llpdextropropoxyphene	1
Curatas Pharmaceuticals Llpglimepiride	1
Manas Pharma Mfgdomperidone	1
Indoscot Healthcare Llpdeflazacort	1
Aster Zenith Bioscience Llppantoprazole	1
Ampure Pharmaceutical Llpferrous Ascorbate	1
Herpes Zoster / Shingles Vaccine	1
Indoscot Healthcare Llpomeprazole	1
Acmedix Pharma Llptorasemide	1
Healthcareparacetamol	1
Polycarbophil	1
Biozoc Incfaropenem	1
Garenoxacin	1
Medmom Pharmaceuticals Llpamlodipine	1
Zainul Bio-remedies Llppregabalin	1
Aarcin Pharmaceutical Llpartesunate	1
Teqmed Pharma Llpluliconazole	1
Overseaspiracetam	1
Healthcarealuminium Hydroxide	1
Vonartes Pharmaceutical Llppantoprazole	1
Overseasfexofenadine	1
Biocrross Chem Llpdiclofenac	1
Strontium Chloride	1
Heal-thy Self Pharmaceuticals Llprabeprazole	1
Labs Limitedparacetamol	1
Astra IDL Maxetoricoxib	1
Indoscot Healthcare Llpchlorpheniramine Maleate	1
Polyethelene Glycol	1
Sodium Acetate	1
Biocrross Chem Llpmontelukast	1
Sunways	1
Methylene Blue	1
Bennet Mypher Pharmaceuticals Llpsodium Chloride	1
Durosine Pharmaceuticals Llprosuvastatin	1
Nivian Pharma Llpestradiol	1
Hegde And Hegde Pharmaceutica Llphydroquinone	1
Light Kaolin	1
CIMS Pharmaceuticals Llpamoxycillin	1
Glial Life Science Llpdomperidone	1
Peppermint Oil	1
Bennet Mypher Pharmaceuticals Llpnimesulide	1
Overseasciprofloxacin	1
Spranza Vita Pharmaceutical Llpcefoperazone	1
Curatas Pharmaceuticals Llpteneligliptin	1
Carbomer	1
Curenus Pharma Llpflupenthixol	1
Rains Healthcare Llptaurine	1
Medmom Pharmaceuticals Llpdiacerein	1
Aush Pharma Llpomeprazole	1
Kainosis Pharmaceuticalsceftriaxone	1
Advent Life Sciences Llppantoprazole	1
Overseasitraconazole	1
Spranza Vita Pharmaceutical Llprabeprazole	1
Limitedcilnidipine	1
Vonartes Pharmaceutical Llpfenofibrate	1
Dellwich Healthcare Llptrihexyphenidyl	1
Acetylcarnitine	1
Medmom Pharmaceuticals Llpfaropenem	1
Bennet Mypher Pharmaceuticals Llpondansetron	1
Hegde And Hegde Pharmaceutica Llpofloxacin	1
Curenus Pharma Llpmethylcobalamin	1
Starmed Biotechatorvastatin	1
Zulesma Llpphenylephrine	1
Ai Health Care Llpcyproheptadine	1
Mustcure Healthcare Llpketorolac	1
Tafamidis	1
Biocrross Chem Llpranitidine	1
Zulesma Llpmeropenem	1
Aush Pharma Llpamlodipine	1
Uniza Healthcare Llpmontelukast	1
Labs Limitedtamsulosin	1
Wisteria Healthcare Llpdeflazacort	1
Daclizumab	1
Bplsulfamethoxazole	1
Bennet Mypher Pharmaceuticals Llpdrotaverine	1
Hazithromycin	1
Manas Pharma Mfgimipramine	1
Nivian Pharma Llpcetrorelix	1
Medmom Pharmaceuticals Llpdrotaverine	1
Bennet Mypher Pharmaceuticals Llpdimethicone	1
Aarcin Pharmaceutical Llpaceclofenac	1
Medmom Pharmaceuticals Llpsildenafil	1
Liras Pharmaceutical Llpnitroglycerin	1
Bennet Mypher Pharmaceuticals Llpciprofloxacin	1
Curigen Pharmaceuticals Llpcetrimide	1
Ethacridine	1
Spranza Vita Pharmaceutical Llpprogesterone	1
Anzecure Pharmaceuticals Llppregabalin	1
Biocrross Chem Llpluliconazole	1
Ipilimumab	1
Limbson Pharmaceuticals Llpceftriaxone	1
CIMS Pharmaceuticals Llpesomeprazole	1
Aarcin Pharmaceutical Llpcefoperazone	1
S Pharmacetirizine	1
Labs Limitedlevetiracetam	1
Selag Biologicals Llpestradiol	1
Medmart Pharma Llptrypsin	1
Biocrross Chem Llphydrochlorothiazide	1
Twine Protega Llplevosalbutamol	1
Pharmaceuticals Private Limiteddomperidone	1
Biocrross Chem Llpcefpodoxime Proxetil	1
Wisteria Healthcare Llprabeprazole	1
Human Papillomavirus Bivalent	1
Aquila Pharmaceutical Llpursodeoxycholic Acid	1
Limitedtrimetazidine	1
Labs Limitedursodeoxycholic Acid	1
Dehydroemetine	1
Limitedondansetron	1
Aarcin Pharmaceutical Llpmethylcobalamin	1
Biocrross Chem Llplinezolid	1
Astra IDL Maxpantoprazole	1
Acmedix Pharma Llpaspirin	1
Freed Pharma Llpursodeoxycholic Acid	1
Zulesma Llpceftriaxone	1
Taurus Laboratories Pvt Ltdcharcoal	1
